reservation_id,restaurant_id,customer_id,reservation_date,reservation_time,party_size,table_number,special_occasion,dietary_requirements,status,created_at,confirmed_at,cancelled_at,cancellation_reason,no_show,deposit_amount,deposit_status
RES_1000,golden-spoon-001,CUST5192,14-09-2025,18:15:00,8,TABLE_13,ANNIVERSARY,No shellfish,COMPLETED,2025-09-04T00:00:00,2025-09-09T00:00:00,,,FALSE,0,NA
RES_1001,golden-spoon-001,CUST5077,22-10-2025,18:15:00,2,TABLE_05,,Vegetarian,CONFIRMED,2025-10-10T00:00:00,2025-10-19T00:00:00,,,FALSE,0,NA
RES_1002,golden-spoon-001,CUST5206,05-10-2025,21:00:00,4,TABLE_07,ANNIVERSARY,Vegan,CONFIRMED,2025-10-01T00:00:00,2025-09-30T00:00:00,,,FALSE,0,PAID
RES_1003,golden-spoon-001,CUST5130,17-11-2025,21:00:00,2,TABLE_12,BUSINESS_MEETING,,COMPLETED,2025-11-15T00:00:00,2025-11-11T00:00:00,,,FALSE,1000,NA
RES_1004,golden-spoon-001,CUST5449,15-11-2025,21:45:00,4,TABLE_11,BUSINESS_MEETING,Vegan,CANCELLED,2025-11-14T00:00:00,,2025-11-15T00:00:00,Weather,FALSE,0,PAID
RES_1005,golden-spoon-001,CUST5229,22-09-2025,18:30:00,4,TABLE_16,ANNIVERSARY,Vegan,COMPLETED,2025-09-15T00:00:00,2025-09-16T00:00:00,,,FALSE,0,PAID
RES_1006,golden-spoon-001,CUST5134,03-11-2025,18:30:00,4,TABLE_18,ANNIVERSARY,,COMPLETED,2025-10-20T00:00:00,2025-11-03T00:00:00,,,FALSE,0,REFUNDED
RES_1007,golden-spoon-001,CUST5285,05-10-2025,18:45:00,6,TABLE_07,,,COMPLETED,2025-09-25T00:00:00,2025-10-01T00:00:00,,,FALSE,1000,REFUNDED
RES_1008,golden-spoon-001,CUST5265,28-10-2025,19:30:00,2,TABLE_11,,,COMPLETED,2025-10-14T00:00:00,2025-10-22T00:00:00,,,FALSE,1000,NA
RES_1009,golden-spoon-001,CUST5396,25-10-2025,18:15:00,8,TABLE_15,,,CONFIRMED,2025-10-15T00:00:00,2025-10-19T00:00:00,,,FALSE,1000,PAID
RES_1010,golden-spoon-001,CUST5097,02-12-2025,21:15:00,2,TABLE_10,ANNIVERSARY,No shellfish,CONFIRMED,2025-11-21T00:00:00,2025-11-30T00:00:00,,,FALSE,1000,NA
RES_1011,golden-spoon-001,CUST5386,30-10-2025,21:15:00,2,TABLE_02,BIRTHDAY,,NO_SHOW,2025-10-21T00:00:00,2025-10-26T00:00:00,,,TRUE,0,NA
RES_1012,golden-spoon-001,CUST5071,21-11-2025,21:45:00,6,TABLE_02,BUSINESS_MEETING,Vegetarian,CONFIRMED,2025-11-20T00:00:00,2025-11-20T00:00:00,,,FALSE,1000,REFUNDED
RES_1013,golden-spoon-001,CUST5142,27-09-2025,21:30:00,2,TABLE_05,ANNIVERSARY,Vegan,CONFIRMED,2025-09-25T00:00:00,2025-09-20T00:00:00,,,FALSE,0,NA
RES_1014,golden-spoon-001,CUST5203,11-10-2025,18:30:00,4,TABLE_13,ANNIVERSARY,,CANCELLED,2025-09-29T00:00:00,,2025-10-09T00:00:00,Customer request,FALSE,0,REFUNDED
RES_1015,golden-spoon-001,CUST5499,20-11-2025,21:45:00,2,TABLE_12,BIRTHDAY,,COMPLETED,2025-11-07T00:00:00,2025-11-16T00:00:00,,,FALSE,1000,NA
RES_1016,golden-spoon-001,CUST5436,13-11-2025,18:00:00,4,TABLE_07,,No shellfish,CONFIRMED,2025-11-02T00:00:00,2025-11-07T00:00:00,,,FALSE,0,PAID
RES_1017,golden-spoon-001,CUST5386,28-09-2025,20:00:00,8,TABLE_06,ANNIVERSARY,,NO_SHOW,2025-09-22T00:00:00,2025-09-22T00:00:00,,,TRUE,0,REFUNDED
RES_1018,golden-spoon-001,CUST5276,15-11-2025,19:45:00,2,TABLE_04,ANNIVERSARY,,CONFIRMED,2025-11-03T00:00:00,2025-11-09T00:00:00,,,FALSE,1000,PAID
RES_1019,golden-spoon-001,CUST5003,04-12-2025,21:30:00,4,TABLE_09,,,COMPLETED,2025-11-21T00:00:00,2025-11-27T00:00:00,,,FALSE,1000,PAID
RES_1020,golden-spoon-001,CUST5420,01-11-2025,19:15:00,2,TABLE_15,BIRTHDAY,Vegan,COMPLETED,2025-10-21T00:00:00,2025-10-27T00:00:00,,,FALSE,0,REFUNDED
RES_1021,golden-spoon-001,CUST5376,11-10-2025,19:15:00,2,TABLE_02,,Vegan,NO_SHOW,2025-10-05T00:00:00,2025-10-04T00:00:00,,,TRUE,1000,PAID
RES_1022,golden-spoon-001,CUST5451,24-09-2025,19:30:00,4,TABLE_11,BUSINESS_MEETING,Vegan,NO_SHOW,2025-09-21T00:00:00,2025-09-20T00:00:00,,,TRUE,1000,PAID
RES_1023,golden-spoon-001,CUST5012,27-11-2025,20:15:00,2,TABLE_01,BUSINESS_MEETING,,COMPLETED,2025-11-21T00:00:00,2025-11-24T00:00:00,,,FALSE,0,PAID
RES_1024,golden-spoon-001,CUST5118,04-10-2025,18:00:00,6,TABLE_02,BIRTHDAY,Vegan,NO_SHOW,2025-09-22T00:00:00,2025-09-28T00:00:00,,,TRUE,0,REFUNDED
RES_1025,golden-spoon-001,CUST5434,25-09-2025,19:45:00,4,TABLE_19,,,CONFIRMED,2025-09-12T00:00:00,2025-09-25T00:00:00,,,FALSE,0,PAID
RES_1026,golden-spoon-001,CUST5087,24-09-2025,21:30:00,4,TABLE_12,,No shellfish,CONFIRMED,2025-09-21T00:00:00,2025-09-20T00:00:00,,,FALSE,0,PAID
RES_1027,golden-spoon-001,CUST5016,29-10-2025,19:45:00,2,TABLE_02,ANNIVERSARY,Vegetarian,CONFIRMED,2025-10-28T00:00:00,2025-10-23T00:00:00,,,FALSE,0,PAID
RES_1028,golden-spoon-001,CUST5006,06-10-2025,20:30:00,4,TABLE_13,BIRTHDAY,,NO_SHOW,2025-09-23T00:00:00,2025-09-30T00:00:00,,,TRUE,0,PAID
RES_1029,golden-spoon-001,CUST5305,31-10-2025,18:45:00,2,TABLE_18,BIRTHDAY,Vegetarian,COMPLETED,2025-10-23T00:00:00,2025-10-25T00:00:00,,,FALSE,0,PAID
RES_1030,golden-spoon-001,CUST5109,07-11-2025,21:15:00,2,TABLE_03,ANNIVERSARY,No shellfish,COMPLETED,2025-10-25T00:00:00,2025-11-05T00:00:00,,,FALSE,0,PAID
RES_1031,golden-spoon-001,CUST5064,16-11-2025,21:15:00,4,TABLE_16,BIRTHDAY,Vegan,CONFIRMED,2025-11-10T00:00:00,2025-11-12T00:00:00,,,FALSE,1000,REFUNDED
RES_1032,golden-spoon-001,CUST5032,28-11-2025,18:15:00,2,TABLE_18,ANNIVERSARY,Vegetarian,NO_SHOW,2025-11-27T00:00:00,2025-11-22T00:00:00,,,TRUE,1000,NA
RES_1033,golden-spoon-001,CUST5320,08-10-2025,18:00:00,2,TABLE_07,BIRTHDAY,Vegan,COMPLETED,2025-09-27T00:00:00,2025-10-05T00:00:00,,,FALSE,1000,NA
RES_1034,golden-spoon-001,CUST5282,24-10-2025,20:45:00,4,TABLE_03,,,NO_SHOW,2025-10-23T00:00:00,2025-10-18T00:00:00,,,TRUE,1000,NA
RES_1035,golden-spoon-001,CUST5319,18-10-2025,18:45:00,2,TABLE_07,,,COMPLETED,2025-10-12T00:00:00,2025-10-16T00:00:00,,,FALSE,0,PAID
RES_1036,golden-spoon-001,CUST5446,07-10-2025,21:15:00,2,TABLE_15,,No shellfish,CONFIRMED,2025-10-02T00:00:00,2025-10-05T00:00:00,,,FALSE,0,PAID
RES_1037,golden-spoon-001,CUST5180,29-10-2025,19:45:00,2,TABLE_13,BUSINESS_MEETING,,COMPLETED,2025-10-21T00:00:00,2025-10-25T00:00:00,,,FALSE,1000,NA
RES_1038,golden-spoon-001,CUST5096,18-10-2025,19:30:00,4,TABLE_19,,,COMPLETED,2025-10-16T00:00:00,2025-10-13T00:00:00,,,FALSE,0,PAID
RES_1039,golden-spoon-001,CUST5411,11-10-2025,20:00:00,2,TABLE_11,BIRTHDAY,,COMPLETED,2025-09-30T00:00:00,2025-10-06T00:00:00,,,FALSE,1000,PAID
RES_1040,golden-spoon-001,CUST5451,25-11-2025,19:00:00,2,TABLE_10,ANNIVERSARY,Vegetarian,COMPLETED,2025-11-22T00:00:00,2025-11-21T00:00:00,,,FALSE,1000,REFUNDED
RES_1041,golden-spoon-001,CUST5439,16-11-2025,20:45:00,2,TABLE_17,BUSINESS_MEETING,No shellfish,CONFIRMED,2025-11-12T00:00:00,2025-11-15T00:00:00,,,FALSE,1000,NA
RES_1042,golden-spoon-001,CUST5059,03-10-2025,20:45:00,4,TABLE_06,,,CANCELLED,2025-10-02T00:00:00,,2025-09-30T00:00:00,Customer request,FALSE,1000,PAID
RES_1043,golden-spoon-001,CUST5194,30-09-2025,20:15:00,4,TABLE_11,,No shellfish,COMPLETED,2025-09-25T00:00:00,2025-09-26T00:00:00,,,FALSE,1000,REFUNDED
RES_1044,golden-spoon-001,CUST5147,12-09-2025,18:15:00,4,TABLE_10,BIRTHDAY,Vegan,CONFIRMED,2025-09-10T00:00:00,2025-09-11T00:00:00,,,FALSE,1000,PAID
RES_1045,golden-spoon-001,CUST5323,11-09-2025,21:30:00,6,TABLE_12,BIRTHDAY,,CONFIRMED,2025-09-07T00:00:00,2025-09-10T00:00:00,,,FALSE,0,PAID
RES_1046,golden-spoon-001,CUST5207,11-11-2025,19:00:00,2,TABLE_07,,,CONFIRMED,2025-11-02T00:00:00,2025-11-08T00:00:00,,,FALSE,0,PAID
RES_1047,golden-spoon-001,CUST5162,18-10-2025,18:45:00,2,TABLE_16,,Vegan,NO_SHOW,2025-10-05T00:00:00,2025-10-13T00:00:00,,,TRUE,1000,PAID
RES_1048,golden-spoon-001,CUST5449,15-10-2025,19:15:00,8,TABLE_03,,,CONFIRMED,2025-10-09T00:00:00,2025-10-13T00:00:00,,,FALSE,0,REFUNDED
RES_1049,golden-spoon-001,CUST5210,28-11-2025,18:00:00,2,TABLE_15,BUSINESS_MEETING,,NO_SHOW,2025-11-27T00:00:00,2025-11-24T00:00:00,,,TRUE,1000,NA
RES_1050,golden-spoon-001,CUST5156,21-11-2025,20:45:00,2,TABLE_10,,Vegan,CONFIRMED,2025-11-10T00:00:00,2025-11-18T00:00:00,,,FALSE,0,REFUNDED
RES_1051,golden-spoon-001,CUST5129,12-09-2025,20:45:00,4,TABLE_13,,No shellfish,CONFIRMED,2025-09-03T00:00:00,2025-09-05T00:00:00,,,FALSE,0,NA
RES_1052,golden-spoon-001,CUST5236,20-11-2025,21:15:00,4,TABLE_10,BUSINESS_MEETING,Vegetarian,NO_SHOW,2025-11-08T00:00:00,2025-11-16T00:00:00,,,TRUE,0,REFUNDED
RES_1053,golden-spoon-001,CUST5359,04-11-2025,19:15:00,4,TABLE_13,,,COMPLETED,2025-10-24T00:00:00,2025-11-03T00:00:00,,,FALSE,0,PAID
RES_1054,golden-spoon-001,CUST5228,17-11-2025,20:30:00,2,TABLE_07,,Vegan,COMPLETED,2025-11-11T00:00:00,2025-11-15T00:00:00,,,FALSE,1000,PAID
RES_1055,golden-spoon-001,CUST5068,03-11-2025,18:30:00,2,TABLE_18,,,CONFIRMED,2025-10-28T00:00:00,2025-11-02T00:00:00,,,FALSE,1000,REFUNDED
RES_1056,golden-spoon-001,CUST5073,18-11-2025,20:45:00,8,TABLE_17,ANNIVERSARY,,CONFIRMED,2025-11-09T00:00:00,2025-11-15T00:00:00,,,FALSE,0,NA
RES_1057,golden-spoon-001,CUST5092,30-09-2025,18:15:00,2,TABLE_16,ANNIVERSARY,Vegan,NO_SHOW,2025-09-18T00:00:00,2025-09-27T00:00:00,,,TRUE,0,REFUNDED
RES_1058,golden-spoon-001,CUST5376,10-10-2025,18:45:00,2,TABLE_05,,,CONFIRMED,2025-09-30T00:00:00,2025-10-09T00:00:00,,,FALSE,1000,REFUNDED
RES_1059,golden-spoon-001,CUST5252,21-10-2025,19:15:00,2,TABLE_01,BUSINESS_MEETING,Vegan,CANCELLED,2025-10-16T00:00:00,,2025-10-19T00:00:00,Weather,FALSE,0,REFUNDED
RES_1060,golden-spoon-001,CUST5218,10-10-2025,20:00:00,8,TABLE_05,BUSINESS_MEETING,,COMPLETED,2025-10-03T00:00:00,2025-10-03T00:00:00,,,FALSE,0,NA
RES_1061,golden-spoon-001,CUST5007,21-11-2025,19:30:00,4,TABLE_08,ANNIVERSARY,No shellfish,CONFIRMED,2025-11-16T00:00:00,2025-11-15T00:00:00,,,FALSE,0,REFUNDED
RES_1062,golden-spoon-001,CUST5298,06-12-2025,20:00:00,4,TABLE_19,,,CANCELLED,2025-12-01T00:00:00,,2025-12-03T00:00:00,Customer request,FALSE,1000,REFUNDED
RES_1063,golden-spoon-001,CUST5489,11-10-2025,19:15:00,2,TABLE_01,BUSINESS_MEETING,,CONFIRMED,2025-09-29T00:00:00,2025-10-09T00:00:00,,,FALSE,0,NA
RES_1064,golden-spoon-001,CUST5088,22-09-2025,18:00:00,2,TABLE_09,BIRTHDAY,Vegetarian,CONFIRMED,2025-09-18T00:00:00,2025-09-15T00:00:00,,,FALSE,1000,PAID
RES_1065,golden-spoon-001,CUST5476,26-11-2025,20:45:00,2,TABLE_05,BUSINESS_MEETING,,CANCELLED,2025-11-19T00:00:00,,2025-11-26T00:00:00,Customer request,FALSE,0,REFUNDED
RES_1066,golden-spoon-001,CUST5118,11-09-2025,18:45:00,2,TABLE_07,ANNIVERSARY,No shellfish,CONFIRMED,2025-09-10T00:00:00,2025-09-08T00:00:00,,,FALSE,1000,NA
RES_1067,golden-spoon-001,CUST5420,21-11-2025,18:15:00,4,TABLE_12,,Vegan,CONFIRMED,2025-11-10T00:00:00,2025-11-21T00:00:00,,,FALSE,1000,PAID
RES_1068,golden-spoon-001,CUST5169,09-12-2025,19:45:00,2,TABLE_05,,Vegan,CONFIRMED,2025-11-28T00:00:00,2025-12-04T00:00:00,,,FALSE,1000,NA
RES_1069,golden-spoon-001,CUST5466,23-10-2025,19:30:00,2,TABLE_16,,Vegetarian,COMPLETED,2025-10-18T00:00:00,2025-10-23T00:00:00,,,FALSE,1000,PAID
RES_1070,golden-spoon-001,CUST5165,29-11-2025,18:00:00,6,TABLE_18,BUSINESS_MEETING,Vegetarian,COMPLETED,2025-11-20T00:00:00,2025-11-23T00:00:00,,,FALSE,0,PAID
RES_1071,golden-spoon-001,CUST5035,22-09-2025,20:45:00,4,TABLE_01,BUSINESS_MEETING,No shellfish,CONFIRMED,2025-09-15T00:00:00,2025-09-21T00:00:00,,,FALSE,0,PAID
RES_1072,golden-spoon-001,CUST5312,29-11-2025,21:45:00,2,TABLE_15,BIRTHDAY,,CONFIRMED,2025-11-27T00:00:00,2025-11-29T00:00:00,,,FALSE,0,PAID
RES_1073,golden-spoon-001,CUST5456,02-11-2025,20:00:00,2,TABLE_02,BIRTHDAY,Vegan,CONFIRMED,2025-10-19T00:00:00,2025-10-26T00:00:00,,,FALSE,1000,PAID
RES_1074,golden-spoon-001,CUST5188,06-12-2025,20:30:00,2,TABLE_12,,,CONFIRMED,2025-11-28T00:00:00,2025-12-06T00:00:00,,,FALSE,0,PAID
RES_1075,golden-spoon-001,CUST5066,13-10-2025,18:30:00,2,TABLE_17,BUSINESS_MEETING,Vegan,COMPLETED,2025-09-29T00:00:00,2025-10-07T00:00:00,,,FALSE,1000,NA
RES_1076,golden-spoon-001,CUST5487,27-09-2025,20:15:00,4,TABLE_15,ANNIVERSARY,Vegan,NO_SHOW,2025-09-21T00:00:00,2025-09-20T00:00:00,,,TRUE,1000,PAID
RES_1077,golden-spoon-001,CUST5094,26-10-2025,20:00:00,2,TABLE_04,,Vegetarian,CONFIRMED,2025-10-16T00:00:00,2025-10-19T00:00:00,,,FALSE,0,PAID
RES_1078,golden-spoon-001,CUST5402,14-10-2025,21:15:00,2,TABLE_08,BUSINESS_MEETING,,CONFIRMED,2025-10-11T00:00:00,2025-10-13T00:00:00,,,FALSE,0,PAID
RES_1079,golden-spoon-001,CUST5194,14-10-2025,21:15:00,2,TABLE_13,,No shellfish,COMPLETED,2025-10-11T00:00:00,2025-10-13T00:00:00,,,FALSE,1000,PAID
RES_1080,golden-spoon-001,CUST5023,22-09-2025,19:45:00,2,TABLE_10,,,COMPLETED,2025-09-18T00:00:00,2025-09-18T00:00:00,,,FALSE,1000,REFUNDED
RES_1081,golden-spoon-001,CUST5077,11-10-2025,21:15:00,4,TABLE_10,,No shellfish,COMPLETED,2025-09-29T00:00:00,2025-10-05T00:00:00,,,FALSE,0,REFUNDED
RES_1082,golden-spoon-001,CUST5347,27-11-2025,19:15:00,2,TABLE_08,,Vegetarian,CONFIRMED,2025-11-18T00:00:00,2025-11-22T00:00:00,,,FALSE,1000,PAID
RES_1083,golden-spoon-001,CUST5007,28-11-2025,19:30:00,2,TABLE_06,BUSINESS_MEETING,No shellfish,CONFIRMED,2025-11-23T00:00:00,2025-11-26T00:00:00,,,FALSE,0,REFUNDED
RES_1084,golden-spoon-001,CUST5242,20-09-2025,21:00:00,4,TABLE_06,BUSINESS_MEETING,No shellfish,CONFIRMED,2025-09-17T00:00:00,2025-09-20T00:00:00,,,FALSE,1000,REFUNDED
RES_1085,golden-spoon-001,CUST5380,21-11-2025,21:00:00,2,TABLE_01,BIRTHDAY,,CONFIRMED,2025-11-20T00:00:00,2025-11-18T00:00:00,,,FALSE,1000,NA
RES_1086,golden-spoon-001,CUST5491,06-10-2025,21:30:00,2,TABLE_15,BIRTHDAY,Vegetarian,COMPLETED,2025-09-22T00:00:00,2025-10-05T00:00:00,,,FALSE,0,PAID
RES_1087,golden-spoon-001,CUST5329,14-10-2025,20:00:00,4,TABLE_01,,Vegetarian,COMPLETED,2025-10-08T00:00:00,2025-10-07T00:00:00,,,FALSE,0,PAID
RES_1088,golden-spoon-001,CUST5003,20-11-2025,18:00:00,2,TABLE_17,ANNIVERSARY,,COMPLETED,2025-11-09T00:00:00,2025-11-15T00:00:00,,,FALSE,0,NA
RES_1089,golden-spoon-001,CUST5107,15-11-2025,18:00:00,4,TABLE_02,BUSINESS_MEETING,,CONFIRMED,2025-11-08T00:00:00,2025-11-08T00:00:00,,,FALSE,1000,PAID
RES_1090,golden-spoon-001,CUST5377,17-10-2025,20:15:00,2,TABLE_05,ANNIVERSARY,Vegetarian,COMPLETED,2025-10-10T00:00:00,2025-10-13T00:00:00,,,FALSE,1000,REFUNDED
RES_1091,golden-spoon-001,CUST5223,20-10-2025,19:00:00,2,TABLE_04,,,CONFIRMED,2025-10-12T00:00:00,2025-10-16T00:00:00,,,FALSE,1000,PAID
RES_1092,golden-spoon-001,CUST5325,29-11-2025,18:30:00,2,TABLE_06,BIRTHDAY,Vegan,CONFIRMED,2025-11-27T00:00:00,2025-11-29T00:00:00,,,FALSE,1000,PAID
RES_1093,golden-spoon-001,CUST5412,03-12-2025,19:45:00,4,TABLE_17,BIRTHDAY,Vegetarian,COMPLETED,2025-11-23T00:00:00,2025-11-27T00:00:00,,,FALSE,0,PAID
RES_1094,golden-spoon-001,CUST5058,08-11-2025,19:30:00,2,TABLE_01,,No shellfish,CONFIRMED,2025-10-27T00:00:00,2025-11-08T00:00:00,,,FALSE,0,PAID
RES_1095,golden-spoon-001,CUST5308,03-10-2025,21:15:00,2,TABLE_16,BUSINESS_MEETING,Vegetarian,CONFIRMED,2025-09-30T00:00:00,2025-09-30T00:00:00,,,FALSE,1000,PAID
RES_1096,golden-spoon-001,CUST5346,13-09-2025,19:45:00,4,TABLE_11,ANNIVERSARY,,CONFIRMED,2025-08-31T00:00:00,2025-09-11T00:00:00,,,FALSE,1000,NA
RES_1097,golden-spoon-001,CUST5283,11-09-2025,21:15:00,2,TABLE_14,BIRTHDAY,,CONFIRMED,2025-08-30T00:00:00,2025-09-04T00:00:00,,,FALSE,1000,REFUNDED
RES_1098,golden-spoon-001,CUST5260,03-11-2025,19:45:00,2,TABLE_02,ANNIVERSARY,,CONFIRMED,2025-10-30T00:00:00,2025-11-03T00:00:00,,,FALSE,1000,REFUNDED
RES_1099,golden-spoon-001,CUST5013,08-10-2025,20:15:00,2,TABLE_16,,,CONFIRMED,2025-10-06T00:00:00,2025-10-01T00:00:00,,,FALSE,1000,PAID
RES_1100,golden-spoon-001,CUST5131,22-10-2025,18:45:00,2,TABLE_12,ANNIVERSARY,,CONFIRMED,2025-10-17T00:00:00,2025-10-16T00:00:00,,,FALSE,0,PAID
RES_1101,golden-spoon-001,CUST5402,28-10-2025,19:30:00,4,TABLE_16,,No shellfish,CANCELLED,2025-10-14T00:00:00,,2025-10-28T00:00:00,Weather,FALSE,0,REFUNDED
RES_1102,golden-spoon-001,CUST5046,11-10-2025,18:30:00,8,TABLE_10,ANNIVERSARY,,CANCELLED,2025-09-27T00:00:00,,2025-10-10T00:00:00,Weather,FALSE,1000,REFUNDED
RES_1103,golden-spoon-001,CUST5494,06-12-2025,20:45:00,4,TABLE_10,BIRTHDAY,Vegetarian,NO_SHOW,2025-11-26T00:00:00,2025-12-05T00:00:00,,,TRUE,0,REFUNDED
RES_1104,golden-spoon-001,CUST5302,04-12-2025,19:00:00,4,TABLE_03,,Vegan,CONFIRMED,2025-12-02T00:00:00,2025-11-27T00:00:00,,,FALSE,0,PAID
RES_1105,golden-spoon-001,CUST5459,06-11-2025,21:30:00,4,TABLE_06,BUSINESS_MEETING,Vegan,CANCELLED,2025-11-04T00:00:00,,2025-11-03T00:00:00,Weather,FALSE,1000,PAID
RES_1106,golden-spoon-001,CUST5281,13-10-2025,19:30:00,4,TABLE_05,,Vegetarian,COMPLETED,2025-10-02T00:00:00,2025-10-11T00:00:00,,,FALSE,0,REFUNDED
RES_1107,golden-spoon-001,CUST5402,06-11-2025,18:15:00,4,TABLE_17,BUSINESS_MEETING,Vegetarian,NO_SHOW,2025-11-03T00:00:00,2025-11-04T00:00:00,,,TRUE,0,REFUNDED
RES_1108,golden-spoon-001,CUST5026,03-12-2025,20:30:00,4,TABLE_14,BUSINESS_MEETING,No shellfish,CONFIRMED,2025-11-29T00:00:00,2025-11-27T00:00:00,,,FALSE,0,REFUNDED
RES_1109,golden-spoon-001,CUST5379,10-11-2025,21:45:00,4,TABLE_04,ANNIVERSARY,Vegetarian,CANCELLED,2025-10-28T00:00:00,,2025-11-10T00:00:00,Restaurant closed,FALSE,1000,PAID
RES_1110,golden-spoon-001,CUST5346,10-11-2025,21:15:00,4,TABLE_08,BUSINESS_MEETING,No shellfish,CANCELLED,2025-11-08T00:00:00,,2025-11-07T00:00:00,Restaurant closed,FALSE,0,PAID
RES_1111,golden-spoon-001,CUST5243,19-09-2025,18:30:00,2,TABLE_13,BUSINESS_MEETING,Vegetarian,CONFIRMED,2025-09-11T00:00:00,2025-09-19T00:00:00,,,FALSE,1000,NA
RES_1112,golden-spoon-001,CUST5365,25-09-2025,20:30:00,2,TABLE_07,,No shellfish,NO_SHOW,2025-09-11T00:00:00,2025-09-22T00:00:00,,,TRUE,0,REFUNDED
RES_1113,golden-spoon-001,CUST5175,09-12-2025,20:30:00,4,TABLE_11,BUSINESS_MEETING,,CONFIRMED,2025-11-28T00:00:00,2025-12-09T00:00:00,,,FALSE,1000,PAID
RES_1114,golden-spoon-001,CUST5451,15-10-2025,20:15:00,4,TABLE_10,ANNIVERSARY,,CONFIRMED,2025-10-12T00:00:00,2025-10-12T00:00:00,,,FALSE,1000,REFUNDED
RES_1115,golden-spoon-001,CUST5058,11-11-2025,18:15:00,4,TABLE_08,BUSINESS_MEETING,,CANCELLED,2025-10-28T00:00:00,,2025-11-08T00:00:00,Customer request,FALSE,1000,REFUNDED
RES_1116,golden-spoon-001,CUST5417,22-10-2025,21:15:00,2,TABLE_02,ANNIVERSARY,No shellfish,CANCELLED,2025-10-18T00:00:00,,2025-10-21T00:00:00,Customer request,FALSE,0,PAID
RES_1117,golden-spoon-001,CUST5311,19-10-2025,20:30:00,4,TABLE_05,,Vegan,CONFIRMED,2025-10-18T00:00:00,2025-10-16T00:00:00,,,FALSE,0,PAID
RES_1118,golden-spoon-001,CUST5369,12-11-2025,20:00:00,4,TABLE_14,,,CONFIRMED,2025-11-11T00:00:00,2025-11-07T00:00:00,,,FALSE,0,REFUNDED
RES_1119,golden-spoon-001,CUST5446,03-11-2025,18:15:00,2,TABLE_01,BIRTHDAY,No shellfish,CONFIRMED,2025-10-20T00:00:00,2025-11-02T00:00:00,,,FALSE,1000,REFUNDED
RES_1120,golden-spoon-001,CUST5310,24-09-2025,21:45:00,2,TABLE_09,,,CONFIRMED,2025-09-17T00:00:00,2025-09-17T00:00:00,,,FALSE,1000,PAID
RES_1121,golden-spoon-001,CUST5059,08-10-2025,19:45:00,2,TABLE_18,BUSINESS_MEETING,,CONFIRMED,2025-10-07T00:00:00,2025-10-08T00:00:00,,,FALSE,1000,REFUNDED
RES_1122,golden-spoon-001,CUST5061,07-11-2025,21:00:00,4,TABLE_14,BUSINESS_MEETING,Vegetarian,CANCELLED,2025-10-27T00:00:00,,2025-11-04T00:00:00,Restaurant closed,FALSE,0,PAID
RES_1123,golden-spoon-001,CUST5424,30-10-2025,21:30:00,2,TABLE_06,BUSINESS_MEETING,Vegetarian,COMPLETED,2025-10-27T00:00:00,2025-10-25T00:00:00,,,FALSE,0,PAID
RES_1124,golden-spoon-001,CUST5399,23-09-2025,18:45:00,2,TABLE_05,ANNIVERSARY,,CONFIRMED,2025-09-16T00:00:00,2025-09-16T00:00:00,,,FALSE,0,PAID
RES_1125,golden-spoon-001,CUST5300,17-10-2025,19:00:00,2,TABLE_06,BUSINESS_MEETING,,CONFIRMED,2025-10-06T00:00:00,2025-10-11T00:00:00,,,FALSE,1000,REFUNDED
RES_1126,golden-spoon-001,CUST5341,02-10-2025,19:30:00,2,TABLE_01,,Vegan,CONFIRMED,2025-09-28T00:00:00,2025-10-01T00:00:00,,,FALSE,1000,NA
RES_1127,golden-spoon-001,CUST5206,11-11-2025,20:45:00,2,TABLE_05,,No shellfish,NO_SHOW,2025-11-03T00:00:00,2025-11-05T00:00:00,,,TRUE,0,NA
RES_1128,golden-spoon-001,CUST5313,01-11-2025,21:30:00,2,TABLE_01,ANNIVERSARY,No shellfish,CANCELLED,2025-10-28T00:00:00,,2025-10-29T00:00:00,Weather,FALSE,1000,PAID
RES_1129,golden-spoon-001,CUST5023,20-10-2025,18:15:00,4,TABLE_06,BUSINESS_MEETING,Vegan,CONFIRMED,2025-10-17T00:00:00,2025-10-18T00:00:00,,,FALSE,1000,REFUNDED
RES_1130,golden-spoon-001,CUST5354,26-11-2025,21:00:00,4,TABLE_16,,,COMPLETED,2025-11-15T00:00:00,2025-11-21T00:00:00,,,FALSE,1000,NA
RES_1131,golden-spoon-001,CUST5331,06-11-2025,21:30:00,4,TABLE_17,,Vegan,CONFIRMED,2025-11-04T00:00:00,2025-11-04T00:00:00,,,FALSE,1000,NA
RES_1132,golden-spoon-001,CUST5130,01-10-2025,19:00:00,4,TABLE_18,BIRTHDAY,Vegetarian,CONFIRMED,2025-09-25T00:00:00,2025-09-27T00:00:00,,,FALSE,0,NA
RES_1133,golden-spoon-001,CUST5027,17-11-2025,18:30:00,2,TABLE_09,,Vegetarian,NO_SHOW,2025-11-07T00:00:00,2025-11-15T00:00:00,,,TRUE,0,REFUNDED
RES_1134,golden-spoon-001,CUST5194,29-11-2025,18:30:00,2,TABLE_12,,,CONFIRMED,2025-11-26T00:00:00,2025-11-28T00:00:00,,,FALSE,1000,NA
RES_1135,golden-spoon-001,CUST5180,27-10-2025,18:00:00,2,TABLE_13,BIRTHDAY,No shellfish,CONFIRMED,2025-10-22T00:00:00,2025-10-25T00:00:00,,,FALSE,0,REFUNDED
RES_1136,golden-spoon-001,CUST5140,25-09-2025,20:15:00,2,TABLE_08,ANNIVERSARY,Vegan,COMPLETED,2025-09-19T00:00:00,2025-09-21T00:00:00,,,FALSE,1000,NA
RES_1137,golden-spoon-001,CUST5425,14-09-2025,21:45:00,2,TABLE_16,ANNIVERSARY,,COMPLETED,2025-08-31T00:00:00,2025-09-08T00:00:00,,,FALSE,1000,PAID
RES_1138,golden-spoon-001,CUST5296,11-11-2025,19:15:00,2,TABLE_01,,Vegetarian,NO_SHOW,2025-10-29T00:00:00,2025-11-06T00:00:00,,,TRUE,0,REFUNDED
RES_1139,golden-spoon-001,CUST5374,06-11-2025,21:45:00,4,TABLE_01,,,COMPLETED,2025-11-04T00:00:00,2025-11-06T00:00:00,,,FALSE,1000,PAID
RES_1140,golden-spoon-001,CUST5040,06-12-2025,18:30:00,6,TABLE_11,ANNIVERSARY,No shellfish,CANCELLED,2025-12-04T00:00:00,,2025-12-03T00:00:00,Restaurant closed,FALSE,1000,REFUNDED
RES_1141,golden-spoon-001,CUST5350,26-09-2025,21:30:00,2,TABLE_09,,,CANCELLED,2025-09-25T00:00:00,,2025-09-26T00:00:00,Customer request,FALSE,0,NA
RES_1142,golden-spoon-001,CUST5236,14-09-2025,19:00:00,8,TABLE_02,BIRTHDAY,Vegan,CONFIRMED,2025-09-06T00:00:00,2025-09-07T00:00:00,,,FALSE,1000,PAID
RES_1143,golden-spoon-001,CUST5201,30-09-2025,19:00:00,4,TABLE_08,ANNIVERSARY,Vegan,CONFIRMED,2025-09-21T00:00:00,2025-09-26T00:00:00,,,FALSE,0,REFUNDED
RES_1144,golden-spoon-001,CUST5058,27-11-2025,19:45:00,6,TABLE_08,,Vegetarian,NO_SHOW,2025-11-22T00:00:00,2025-11-24T00:00:00,,,TRUE,0,PAID
RES_1145,golden-spoon-001,CUST5246,15-10-2025,20:00:00,2,TABLE_13,,No shellfish,CONFIRMED,2025-10-09T00:00:00,2025-10-09T00:00:00,,,FALSE,1000,NA
RES_1146,golden-spoon-001,CUST5112,17-11-2025,18:15:00,2,TABLE_12,,No shellfish,CANCELLED,2025-11-04T00:00:00,,2025-11-17T00:00:00,Restaurant closed,FALSE,1000,NA
RES_1147,golden-spoon-001,CUST5184,24-11-2025,19:30:00,2,TABLE_08,ANNIVERSARY,,COMPLETED,2025-11-23T00:00:00,2025-11-21T00:00:00,,,FALSE,0,NA
RES_1148,golden-spoon-001,CUST5375,15-11-2025,21:00:00,4,TABLE_07,,Vegetarian,CONFIRMED,2025-11-09T00:00:00,2025-11-15T00:00:00,,,FALSE,0,NA
RES_1149,golden-spoon-001,CUST5099,16-10-2025,18:30:00,2,TABLE_08,,,COMPLETED,2025-10-09T00:00:00,2025-10-13T00:00:00,,,FALSE,0,REFUNDED
RES_1150,golden-spoon-001,CUST5399,18-09-2025,18:00:00,2,TABLE_09,,,NO_SHOW,2025-09-07T00:00:00,2025-09-16T00:00:00,,,TRUE,0,REFUNDED
RES_1151,golden-spoon-001,CUST5043,31-10-2025,21:45:00,4,TABLE_03,BUSINESS_MEETING,,COMPLETED,2025-10-28T00:00:00,2025-10-27T00:00:00,,,FALSE,1000,REFUNDED
RES_1152,golden-spoon-001,CUST5051,25-10-2025,21:30:00,2,TABLE_01,ANNIVERSARY,No shellfish,COMPLETED,2025-10-14T00:00:00,2025-10-21T00:00:00,,,FALSE,0,NA
RES_1153,golden-spoon-001,CUST5354,26-11-2025,19:00:00,2,TABLE_01,BUSINESS_MEETING,,COMPLETED,2025-11-17T00:00:00,2025-11-24T00:00:00,,,FALSE,1000,PAID
RES_1154,golden-spoon-001,CUST5200,17-10-2025,20:15:00,6,TABLE_08,,No shellfish,CONFIRMED,2025-10-15T00:00:00,2025-10-10T00:00:00,,,FALSE,0,NA
RES_1155,golden-spoon-001,CUST5158,16-11-2025,19:15:00,4,TABLE_02,BIRTHDAY,Vegan,NO_SHOW,2025-11-11T00:00:00,2025-11-14T00:00:00,,,TRUE,0,REFUNDED
RES_1156,golden-spoon-001,CUST5056,22-09-2025,21:45:00,4,TABLE_09,ANNIVERSARY,Vegan,CANCELLED,2025-09-18T00:00:00,,2025-09-21T00:00:00,Customer request,FALSE,0,REFUNDED
RES_1157,golden-spoon-001,CUST5317,29-09-2025,19:45:00,2,TABLE_07,,,CONFIRMED,2025-09-18T00:00:00,2025-09-22T00:00:00,,,FALSE,1000,NA
RES_1158,golden-spoon-001,CUST5224,17-11-2025,20:00:00,4,TABLE_03,,,COMPLETED,2025-11-16T00:00:00,2025-11-12T00:00:00,,,FALSE,1000,REFUNDED
RES_1159,golden-spoon-001,CUST5302,04-11-2025,19:45:00,2,TABLE_12,ANNIVERSARY,Vegetarian,NO_SHOW,2025-10-22T00:00:00,2025-11-01T00:00:00,,,TRUE,1000,PAID
RES_1160,golden-spoon-001,CUST5114,30-09-2025,20:15:00,4,TABLE_08,BIRTHDAY,No shellfish,CONFIRMED,2025-09-24T00:00:00,2025-09-25T00:00:00,,,FALSE,1000,PAID
RES_1161,golden-spoon-001,CUST5227,13-11-2025,21:30:00,2,TABLE_14,BIRTHDAY,Vegetarian,COMPLETED,2025-11-01T00:00:00,2025-11-13T00:00:00,,,FALSE,0,NA
RES_1162,golden-spoon-001,CUST5483,29-09-2025,19:15:00,2,TABLE_12,,,CONFIRMED,2025-09-26T00:00:00,2025-09-25T00:00:00,,,FALSE,1000,REFUNDED
RES_1163,golden-spoon-001,CUST5478,05-10-2025,19:00:00,4,TABLE_04,BIRTHDAY,Vegan,CANCELLED,2025-09-30T00:00:00,,2025-10-04T00:00:00,Restaurant closed,FALSE,0,REFUNDED
RES_1164,golden-spoon-001,CUST5337,31-10-2025,20:30:00,2,TABLE_15,,,COMPLETED,2025-10-23T00:00:00,2025-10-30T00:00:00,,,FALSE,0,NA
RES_1165,golden-spoon-001,CUST5303,17-09-2025,18:15:00,2,TABLE_05,,Vegan,CONFIRMED,2025-09-10T00:00:00,2025-09-13T00:00:00,,,FALSE,0,PAID
RES_1166,golden-spoon-001,CUST5219,15-09-2025,21:15:00,4,TABLE_18,BUSINESS_MEETING,,CONFIRMED,2025-09-02T00:00:00,2025-09-14T00:00:00,,,FALSE,1000,NA
RES_1167,golden-spoon-001,CUST5389,06-12-2025,20:30:00,2,TABLE_08,,Vegan,NO_SHOW,2025-11-24T00:00:00,2025-11-29T00:00:00,,,TRUE,0,NA
RES_1168,golden-spoon-001,CUST5027,12-11-2025,19:00:00,2,TABLE_10,,No shellfish,CONFIRMED,2025-11-01T00:00:00,2025-11-06T00:00:00,,,FALSE,1000,NA
RES_1169,golden-spoon-001,CUST5368,19-09-2025,21:00:00,4,TABLE_08,BIRTHDAY,,CONFIRMED,2025-09-05T00:00:00,2025-09-17T00:00:00,,,FALSE,1000,NA
RES_1170,golden-spoon-001,CUST5350,03-11-2025,20:00:00,4,TABLE_18,,No shellfish,CONFIRMED,2025-10-27T00:00:00,2025-11-03T00:00:00,,,FALSE,0,NA
RES_1171,golden-spoon-001,CUST5209,15-09-2025,18:45:00,4,TABLE_06,BUSINESS_MEETING,Vegan,CONFIRMED,2025-09-09T00:00:00,2025-09-13T00:00:00,,,FALSE,0,REFUNDED
RES_1172,golden-spoon-001,CUST5181,26-11-2025,18:45:00,2,TABLE_16,BIRTHDAY,Vegetarian,CANCELLED,2025-11-19T00:00:00,,2025-11-26T00:00:00,Customer request,FALSE,1000,REFUNDED
RES_1173,golden-spoon-001,CUST5360,21-10-2025,18:00:00,2,TABLE_09,BUSINESS_MEETING,,CONFIRMED,2025-10-16T00:00:00,2025-10-18T00:00:00,,,FALSE,0,PAID
RES_1174,golden-spoon-001,CUST5166,28-10-2025,20:45:00,2,TABLE_11,BIRTHDAY,,NO_SHOW,2025-10-14T00:00:00,2025-10-28T00:00:00,,,TRUE,0,PAID
RES_1175,golden-spoon-001,CUST5457,23-11-2025,21:00:00,2,TABLE_06,,,CONFIRMED,2025-11-18T00:00:00,2025-11-16T00:00:00,,,FALSE,1000,PAID
RES_1176,golden-spoon-001,CUST5422,25-09-2025,20:30:00,4,TABLE_06,,Vegetarian,CONFIRMED,2025-09-24T00:00:00,2025-09-19T00:00:00,,,FALSE,0,PAID
RES_1177,golden-spoon-001,CUST5296,18-09-2025,21:45:00,2,TABLE_09,ANNIVERSARY,,CONFIRMED,2025-09-10T00:00:00,2025-09-15T00:00:00,,,FALSE,0,NA
RES_1178,golden-spoon-001,CUST5299,03-12-2025,19:15:00,4,TABLE_01,ANNIVERSARY,No shellfish,CONFIRMED,2025-11-25T00:00:00,2025-11-27T00:00:00,,,FALSE,0,PAID
RES_1179,golden-spoon-001,CUST5482,07-10-2025,21:15:00,4,TABLE_01,,,COMPLETED,2025-10-01T00:00:00,2025-10-07T00:00:00,,,FALSE,0,NA
RES_1180,golden-spoon-001,CUST5434,24-09-2025,18:30:00,2,TABLE_09,BUSINESS_MEETING,,CONFIRMED,2025-09-19T00:00:00,2025-09-18T00:00:00,,,FALSE,1000,NA
RES_1181,golden-spoon-001,CUST5345,10-11-2025,20:00:00,4,TABLE_17,,Vegan,CANCELLED,2025-11-01T00:00:00,,2025-11-10T00:00:00,Customer request,FALSE,0,NA
RES_1182,golden-spoon-001,CUST5436,17-11-2025,18:45:00,4,TABLE_15,,,COMPLETED,2025-11-13T00:00:00,2025-11-15T00:00:00,,,FALSE,1000,NA
RES_1183,golden-spoon-001,CUST5049,11-10-2025,20:15:00,2,TABLE_16,ANNIVERSARY,,CONFIRMED,2025-10-05T00:00:00,2025-10-07T00:00:00,,,FALSE,0,PAID
RES_1184,golden-spoon-001,CUST5442,12-10-2025,20:45:00,2,TABLE_16,ANNIVERSARY,No shellfish,CONFIRMED,2025-09-29T00:00:00,2025-10-11T00:00:00,,,FALSE,0,PAID
RES_1185,golden-spoon-001,CUST5140,14-10-2025,21:45:00,2,TABLE_03,ANNIVERSARY,Vegetarian,COMPLETED,2025-10-01T00:00:00,2025-10-11T00:00:00,,,FALSE,0,NA
RES_1186,golden-spoon-001,CUST5031,07-10-2025,19:45:00,4,TABLE_09,BUSINESS_MEETING,Vegan,CONFIRMED,2025-09-29T00:00:00,2025-10-02T00:00:00,,,FALSE,0,PAID
RES_1187,golden-spoon-001,CUST5114,13-11-2025,21:45:00,4,TABLE_16,,Vegan,CONFIRMED,2025-11-12T00:00:00,2025-11-12T00:00:00,,,FALSE,1000,PAID
RES_1188,golden-spoon-001,CUST5358,16-10-2025,20:30:00,2,TABLE_16,BUSINESS_MEETING,Vegetarian,NO_SHOW,2025-10-12T00:00:00,2025-10-15T00:00:00,,,TRUE,0,PAID
RES_1189,golden-spoon-001,CUST5309,30-10-2025,19:45:00,2,TABLE_02,,Vegan,CANCELLED,2025-10-27T00:00:00,,2025-10-28T00:00:00,Customer request,FALSE,0,PAID
RES_1190,golden-spoon-001,CUST5419,27-11-2025,21:00:00,2,TABLE_13,,Vegan,CONFIRMED,2025-11-17T00:00:00,2025-11-25T00:00:00,,,FALSE,1000,REFUNDED
RES_1191,golden-spoon-001,CUST5479,15-10-2025,19:30:00,2,TABLE_19,,Vegan,COMPLETED,2025-10-08T00:00:00,2025-10-12T00:00:00,,,FALSE,0,PAID
RES_1192,golden-spoon-001,CUST5125,05-11-2025,18:30:00,2,TABLE_18,ANNIVERSARY,No shellfish,COMPLETED,2025-10-27T00:00:00,2025-11-02T00:00:00,,,FALSE,0,PAID
RES_1193,golden-spoon-001,CUST5376,26-10-2025,21:00:00,4,TABLE_11,BIRTHDAY,,CONFIRMED,2025-10-21T00:00:00,2025-10-21T00:00:00,,,FALSE,0,REFUNDED
RES_1194,golden-spoon-001,CUST5106,24-10-2025,20:00:00,6,TABLE_17,ANNIVERSARY,,CONFIRMED,2025-10-14T00:00:00,2025-10-23T00:00:00,,,FALSE,0,NA
RES_1195,golden-spoon-001,CUST5003,11-10-2025,20:15:00,2,TABLE_01,,Vegetarian,CONFIRMED,2025-10-10T00:00:00,2025-10-04T00:00:00,,,FALSE,0,REFUNDED
RES_1196,golden-spoon-001,CUST5120,04-12-2025,21:45:00,8,TABLE_19,BUSINESS_MEETING,Vegetarian,CANCELLED,2025-11-30T00:00:00,,2025-12-01T00:00:00,Customer request,FALSE,0,NA
RES_1197,golden-spoon-001,CUST5426,25-10-2025,21:45:00,2,TABLE_03,BUSINESS_MEETING,Vegan,CONFIRMED,2025-10-11T00:00:00,2025-10-20T00:00:00,,,FALSE,1000,NA
RES_1198,golden-spoon-001,CUST5185,13-11-2025,20:30:00,2,TABLE_06,BIRTHDAY,No shellfish,CONFIRMED,2025-11-01T00:00:00,2025-11-07T00:00:00,,,FALSE,1000,REFUNDED
RES_1199,golden-spoon-001,CUST5173,29-11-2025,18:30:00,6,TABLE_04,,,CONFIRMED,2025-11-28T00:00:00,2025-11-26T00:00:00,,,FALSE,1000,REFUNDED
RES_1200,golden-spoon-001,CUST5266,07-12-2025,20:30:00,6,TABLE_15,,,NO_SHOW,2025-11-28T00:00:00,2025-12-02T00:00:00,,,TRUE,1000,PAID
RES_1201,golden-spoon-001,CUST5392,15-10-2025,21:00:00,2,TABLE_09,BUSINESS_MEETING,Vegan,CONFIRMED,2025-10-05T00:00:00,2025-10-10T00:00:00,,,FALSE,0,NA
RES_1202,golden-spoon-001,CUST5084,24-11-2025,20:15:00,4,TABLE_13,ANNIVERSARY,,CONFIRMED,2025-11-15T00:00:00,2025-11-17T00:00:00,,,FALSE,1000,PAID
RES_1203,golden-spoon-001,CUST5174,16-09-2025,21:45:00,2,TABLE_15,,No shellfish,CONFIRMED,2025-09-12T00:00:00,2025-09-12T00:00:00,,,FALSE,1000,NA
RES_1204,golden-spoon-001,CUST5036,12-09-2025,21:30:00,6,TABLE_02,,,COMPLETED,2025-09-04T00:00:00,2025-09-11T00:00:00,,,FALSE,1000,NA
RES_1205,golden-spoon-001,CUST5024,26-10-2025,19:45:00,2,TABLE_13,BIRTHDAY,Vegetarian,CONFIRMED,2025-10-25T00:00:00,2025-10-21T00:00:00,,,FALSE,1000,PAID
RES_1206,golden-spoon-001,CUST5313,17-09-2025,20:45:00,2,TABLE_19,ANNIVERSARY,Vegan,CANCELLED,2025-09-07T00:00:00,,2025-09-16T00:00:00,Weather,FALSE,0,NA
RES_1207,golden-spoon-001,CUST5325,02-12-2025,19:00:00,4,TABLE_14,BIRTHDAY,,CONFIRMED,2025-11-18T00:00:00,2025-11-30T00:00:00,,,FALSE,0,REFUNDED
RES_1208,golden-spoon-001,CUST5441,16-09-2025,20:15:00,4,TABLE_19,,Vegan,COMPLETED,2025-09-04T00:00:00,2025-09-13T00:00:00,,,FALSE,0,REFUNDED
RES_1209,golden-spoon-001,CUST5333,11-11-2025,19:15:00,2,TABLE_17,BUSINESS_MEETING,Vegan,CONFIRMED,2025-11-06T00:00:00,2025-11-05T00:00:00,,,FALSE,0,PAID
RES_1210,golden-spoon-001,CUST5320,31-10-2025,19:00:00,2,TABLE_01,ANNIVERSARY,Vegan,CONFIRMED,2025-10-18T00:00:00,2025-10-28T00:00:00,,,FALSE,1000,REFUNDED
RES_1211,golden-spoon-001,CUST5448,25-11-2025,19:30:00,4,TABLE_03,ANNIVERSARY,,CANCELLED,2025-11-20T00:00:00,,2025-11-23T00:00:00,Customer request,FALSE,0,PAID
RES_1212,golden-spoon-001,CUST5051,15-09-2025,20:45:00,4,TABLE_04,BUSINESS_MEETING,Vegan,CONFIRMED,2025-09-03T00:00:00,2025-09-11T00:00:00,,,FALSE,1000,NA
RES_1213,golden-spoon-001,CUST5232,09-10-2025,21:30:00,4,TABLE_19,BUSINESS_MEETING,,CONFIRMED,2025-10-04T00:00:00,2025-10-03T00:00:00,,,FALSE,1000,PAID
RES_1214,golden-spoon-001,CUST5248,05-11-2025,21:00:00,4,TABLE_17,,,CONFIRMED,2025-10-25T00:00:00,2025-10-29T00:00:00,,,FALSE,0,NA
RES_1215,golden-spoon-001,CUST5131,15-11-2025,20:15:00,2,TABLE_18,BUSINESS_MEETING,No shellfish,CONFIRMED,2025-11-08T00:00:00,2025-11-08T00:00:00,,,FALSE,0,PAID
RES_1216,golden-spoon-001,CUST5170,03-12-2025,18:15:00,4,TABLE_09,,Vegetarian,COMPLETED,2025-11-27T00:00:00,2025-11-27T00:00:00,,,FALSE,1000,PAID
RES_1217,golden-spoon-001,CUST5007,05-11-2025,19:15:00,2,TABLE_06,BUSINESS_MEETING,No shellfish,CONFIRMED,2025-10-25T00:00:00,2025-10-31T00:00:00,,,FALSE,0,NA
RES_1218,golden-spoon-001,CUST5289,21-10-2025,21:00:00,2,TABLE_19,BUSINESS_MEETING,,CANCELLED,2025-10-15T00:00:00,,2025-10-21T00:00:00,Restaurant closed,FALSE,0,PAID
RES_1219,golden-spoon-001,CUST5329,25-10-2025,19:45:00,4,TABLE_18,,Vegetarian,NO_SHOW,2025-10-23T00:00:00,2025-10-23T00:00:00,,,TRUE,1000,REFUNDED
RES_1220,golden-spoon-001,CUST5419,02-12-2025,20:45:00,2,TABLE_19,,,CANCELLED,2025-11-28T00:00:00,,2025-12-01T00:00:00,Weather,FALSE,1000,NA
RES_1221,golden-spoon-001,CUST5420,21-11-2025,20:00:00,6,TABLE_18,BUSINESS_MEETING,,CONFIRMED,2025-11-15T00:00:00,2025-11-16T00:00:00,,,FALSE,1000,NA
RES_1222,golden-spoon-001,CUST5365,21-10-2025,21:15:00,4,TABLE_04,BIRTHDAY,Vegetarian,COMPLETED,2025-10-07T00:00:00,2025-10-21T00:00:00,,,FALSE,0,NA
RES_1223,golden-spoon-001,CUST5130,11-09-2025,19:00:00,4,TABLE_08,BIRTHDAY,Vegan,COMPLETED,2025-09-02T00:00:00,2025-09-04T00:00:00,,,FALSE,0,REFUNDED
RES_1224,golden-spoon-001,CUST5123,21-09-2025,21:00:00,2,TABLE_12,,,CONFIRMED,2025-09-18T00:00:00,2025-09-16T00:00:00,,,FALSE,0,PAID
RES_1225,golden-spoon-001,CUST5219,22-09-2025,19:00:00,2,TABLE_16,BIRTHDAY,,COMPLETED,2025-09-10T00:00:00,2025-09-21T00:00:00,,,FALSE,1000,PAID
RES_1226,golden-spoon-001,CUST5095,08-12-2025,18:00:00,2,TABLE_01,,No shellfish,COMPLETED,2025-12-01T00:00:00,2025-12-02T00:00:00,,,FALSE,0,NA
RES_1227,golden-spoon-001,CUST5311,24-10-2025,20:30:00,4,TABLE_16,,Vegetarian,CONFIRMED,2025-10-22T00:00:00,2025-10-21T00:00:00,,,FALSE,0,PAID
RES_1228,golden-spoon-001,CUST5173,06-10-2025,21:00:00,2,TABLE_02,,Vegetarian,CANCELLED,2025-09-22T00:00:00,,2025-10-06T00:00:00,Restaurant closed,FALSE,0,PAID
RES_1229,golden-spoon-001,CUST5026,09-10-2025,20:15:00,4,TABLE_14,,Vegan,COMPLETED,2025-10-02T00:00:00,2025-10-06T00:00:00,,,FALSE,1000,NA
RES_1230,golden-spoon-001,CUST5081,25-09-2025,18:15:00,4,TABLE_18,,,NO_SHOW,2025-09-19T00:00:00,2025-09-22T00:00:00,,,TRUE,1000,NA
RES_1231,golden-spoon-001,CUST5119,01-11-2025,18:45:00,4,TABLE_09,ANNIVERSARY,,COMPLETED,2025-10-29T00:00:00,2025-10-26T00:00:00,,,FALSE,1000,REFUNDED
RES_1232,golden-spoon-001,CUST5280,12-10-2025,18:15:00,6,TABLE_17,,,NO_SHOW,2025-10-05T00:00:00,2025-10-12T00:00:00,,,TRUE,1000,PAID
RES_1233,golden-spoon-001,CUST5114,31-10-2025,20:00:00,4,TABLE_17,BIRTHDAY,Vegetarian,CONFIRMED,2025-10-21T00:00:00,2025-10-29T00:00:00,,,FALSE,1000,PAID
RES_1234,golden-spoon-001,CUST5309,09-12-2025,18:30:00,4,TABLE_15,BIRTHDAY,,CONFIRMED,2025-11-29T00:00:00,2025-12-05T00:00:00,,,FALSE,0,REFUNDED
RES_1235,golden-spoon-001,CUST5430,24-10-2025,19:30:00,4,TABLE_10,ANNIVERSARY,No shellfish,CONFIRMED,2025-10-14T00:00:00,2025-10-18T00:00:00,,,FALSE,0,PAID
RES_1236,golden-spoon-001,CUST5404,28-10-2025,20:00:00,2,TABLE_05,BIRTHDAY,Vegan,COMPLETED,2025-10-27T00:00:00,2025-10-24T00:00:00,,,FALSE,0,REFUNDED
RES_1237,golden-spoon-001,CUST5173,11-10-2025,21:15:00,4,TABLE_19,BIRTHDAY,,CONFIRMED,2025-10-07T00:00:00,2025-10-07T00:00:00,,,FALSE,0,PAID
RES_1238,golden-spoon-001,CUST5019,07-11-2025,19:00:00,8,TABLE_18,BIRTHDAY,,CANCELLED,2025-11-01T00:00:00,,2025-11-05T00:00:00,Customer request,FALSE,1000,REFUNDED
RES_1239,golden-spoon-001,CUST5170,23-09-2025,20:00:00,4,TABLE_13,BUSINESS_MEETING,No shellfish,CONFIRMED,2025-09-13T00:00:00,2025-09-19T00:00:00,,,FALSE,1000,REFUNDED
RES_1240,golden-spoon-001,CUST5443,02-11-2025,20:15:00,2,TABLE_07,,No shellfish,CONFIRMED,2025-10-31T00:00:00,2025-10-30T00:00:00,,,FALSE,0,PAID
RES_1241,golden-spoon-001,CUST5130,05-10-2025,21:15:00,2,TABLE_02,,,COMPLETED,2025-09-25T00:00:00,2025-10-02T00:00:00,,,FALSE,1000,REFUNDED
RES_1242,golden-spoon-001,CUST5488,07-12-2025,18:30:00,2,TABLE_02,,,CONFIRMED,2025-11-27T00:00:00,2025-12-06T00:00:00,,,FALSE,0,PAID
RES_1243,golden-spoon-001,CUST5085,02-12-2025,18:15:00,2,TABLE_11,BIRTHDAY,Vegetarian,NO_SHOW,2025-11-25T00:00:00,2025-11-30T00:00:00,,,TRUE,0,PAID
RES_1244,golden-spoon-001,CUST5420,12-10-2025,18:15:00,2,TABLE_02,BIRTHDAY,,CONFIRMED,2025-09-28T00:00:00,2025-10-05T00:00:00,,,FALSE,0,NA
RES_1245,golden-spoon-001,CUST5151,14-11-2025,19:45:00,4,TABLE_03,BUSINESS_MEETING,,CONFIRMED,2025-11-09T00:00:00,2025-11-09T00:00:00,,,FALSE,1000,REFUNDED
RES_1246,golden-spoon-001,CUST5187,16-09-2025,18:00:00,2,TABLE_18,,,CONFIRMED,2025-09-15T00:00:00,2025-09-14T00:00:00,,,FALSE,1000,PAID
RES_1247,golden-spoon-001,CUST5479,12-09-2025,19:00:00,2,TABLE_16,BUSINESS_MEETING,Vegan,CONFIRMED,2025-09-08T00:00:00,2025-09-08T00:00:00,,,FALSE,1000,NA
RES_1248,golden-spoon-001,CUST5200,04-12-2025,18:30:00,4,TABLE_13,BIRTHDAY,Vegan,COMPLETED,2025-11-28T00:00:00,2025-12-03T00:00:00,,,FALSE,0,REFUNDED
RES_1249,golden-spoon-001,CUST5489,26-11-2025,20:00:00,2,TABLE_13,ANNIVERSARY,,CONFIRMED,2025-11-15T00:00:00,2025-11-22T00:00:00,,,FALSE,0,REFUNDED
RES_1250,golden-spoon-001,CUST5357,15-09-2025,18:45:00,4,TABLE_03,,Vegan,CONFIRMED,2025-09-03T00:00:00,2025-09-13T00:00:00,,,FALSE,0,PAID
RES_1251,golden-spoon-001,CUST5127,06-10-2025,19:30:00,2,TABLE_13,,,COMPLETED,2025-09-27T00:00:00,2025-10-04T00:00:00,,,FALSE,0,NA
RES_1252,golden-spoon-001,CUST5152,23-09-2025,19:45:00,2,TABLE_15,,,CONFIRMED,2025-09-09T00:00:00,2025-09-23T00:00:00,,,FALSE,1000,REFUNDED
RES_1253,golden-spoon-001,CUST5057,23-11-2025,20:00:00,2,TABLE_10,ANNIVERSARY,,CANCELLED,2025-11-09T00:00:00,,2025-11-20T00:00:00,Weather,FALSE,1000,PAID
RES_1254,golden-spoon-001,CUST5157,26-09-2025,19:45:00,4,TABLE_06,BUSINESS_MEETING,No shellfish,COMPLETED,2025-09-12T00:00:00,2025-09-26T00:00:00,,,FALSE,1000,PAID
RES_1255,golden-spoon-001,CUST5009,12-10-2025,21:15:00,8,TABLE_08,,,CONFIRMED,2025-10-05T00:00:00,2025-10-06T00:00:00,,,FALSE,0,PAID
RES_1256,golden-spoon-001,CUST5355,26-10-2025,18:00:00,2,TABLE_19,ANNIVERSARY,Vegetarian,CONFIRMED,2025-10-18T00:00:00,2025-10-21T00:00:00,,,FALSE,1000,PAID
RES_1257,golden-spoon-001,CUST5198,16-09-2025,21:45:00,2,TABLE_15,BUSINESS_MEETING,Vegan,CONFIRMED,2025-09-14T00:00:00,2025-09-10T00:00:00,,,FALSE,1000,NA
RES_1258,golden-spoon-001,CUST5326,04-11-2025,19:00:00,2,TABLE_05,BIRTHDAY,,COMPLETED,2025-10-28T00:00:00,2025-10-31T00:00:00,,,FALSE,1000,REFUNDED
RES_1259,golden-spoon-001,CUST5369,04-11-2025,21:45:00,2,TABLE_09,BIRTHDAY,Vegan,CONFIRMED,2025-10-27T00:00:00,2025-10-31T00:00:00,,,FALSE,1000,REFUNDED
RES_1260,golden-spoon-001,CUST5343,08-12-2025,18:00:00,4,TABLE_15,ANNIVERSARY,,CANCELLED,2025-12-04T00:00:00,,2025-12-08T00:00:00,Restaurant closed,FALSE,0,NA
RES_1261,golden-spoon-001,CUST5218,15-11-2025,18:45:00,2,TABLE_05,BIRTHDAY,,NO_SHOW,2025-11-02T00:00:00,2025-11-11T00:00:00,,,TRUE,1000,PAID
RES_1262,golden-spoon-001,CUST5417,25-11-2025,20:15:00,2,TABLE_05,ANNIVERSARY,,COMPLETED,2025-11-14T00:00:00,2025-11-20T00:00:00,,,FALSE,1000,NA
RES_1263,golden-spoon-001,CUST5394,19-10-2025,18:00:00,2,TABLE_16,,No shellfish,CANCELLED,2025-10-07T00:00:00,,2025-10-19T00:00:00,Restaurant closed,FALSE,0,PAID
RES_1264,golden-spoon-001,CUST5308,15-11-2025,20:30:00,4,TABLE_08,,Vegan,COMPLETED,2025-11-02T00:00:00,2025-11-12T00:00:00,,,FALSE,1000,REFUNDED
RES_1265,golden-spoon-001,CUST5286,03-12-2025,19:15:00,8,TABLE_17,,Vegan,CONFIRMED,2025-11-25T00:00:00,2025-12-01T00:00:00,,,FALSE,0,NA
RES_1266,golden-spoon-001,CUST5339,07-11-2025,21:45:00,2,TABLE_16,ANNIVERSARY,No shellfish,COMPLETED,2025-10-25T00:00:00,2025-11-01T00:00:00,,,FALSE,1000,REFUNDED
RES_1267,golden-spoon-001,CUST5056,01-11-2025,20:30:00,2,TABLE_06,BUSINESS_MEETING,Vegan,CONFIRMED,2025-10-20T00:00:00,2025-11-01T00:00:00,,,FALSE,1000,PAID
RES_1268,golden-spoon-001,CUST5182,17-11-2025,18:15:00,2,TABLE_02,,Vegan,CONFIRMED,2025-11-03T00:00:00,2025-11-11T00:00:00,,,FALSE,1000,PAID
RES_1269,golden-spoon-001,CUST5455,17-09-2025,20:45:00,2,TABLE_16,,,CONFIRMED,2025-09-07T00:00:00,2025-09-10T00:00:00,,,FALSE,1000,NA
RES_1270,golden-spoon-001,CUST5283,13-10-2025,19:45:00,2,TABLE_16,ANNIVERSARY,No shellfish,NO_SHOW,2025-10-06T00:00:00,2025-10-06T00:00:00,,,TRUE,0,PAID
RES_1271,golden-spoon-001,CUST5456,18-09-2025,20:15:00,2,TABLE_08,,,COMPLETED,2025-09-12T00:00:00,2025-09-13T00:00:00,,,FALSE,0,REFUNDED
RES_1272,golden-spoon-001,CUST5044,02-11-2025,18:45:00,2,TABLE_05,,Vegan,CONFIRMED,2025-10-28T00:00:00,2025-10-27T00:00:00,,,FALSE,1000,NA
RES_1273,golden-spoon-001,CUST5138,25-09-2025,19:00:00,2,TABLE_04,BIRTHDAY,No shellfish,COMPLETED,2025-09-11T00:00:00,2025-09-20T00:00:00,,,FALSE,0,REFUNDED
RES_1274,golden-spoon-001,CUST5076,27-11-2025,20:15:00,2,TABLE_09,,Vegan,COMPLETED,2025-11-20T00:00:00,2025-11-27T00:00:00,,,FALSE,1000,NA
RES_1275,golden-spoon-001,CUST5389,01-12-2025,19:30:00,2,TABLE_05,ANNIVERSARY,No shellfish,CONFIRMED,2025-11-21T00:00:00,2025-11-28T00:00:00,,,FALSE,0,PAID
RES_1276,golden-spoon-001,CUST5033,26-09-2025,18:15:00,4,TABLE_08,BIRTHDAY,Vegetarian,COMPLETED,2025-09-13T00:00:00,2025-09-26T00:00:00,,,FALSE,1000,NA
RES_1277,golden-spoon-001,CUST5142,12-09-2025,20:15:00,2,TABLE_14,BUSINESS_MEETING,,NO_SHOW,2025-08-31T00:00:00,2025-09-08T00:00:00,,,TRUE,0,PAID
RES_1278,golden-spoon-001,CUST5022,27-11-2025,19:30:00,4,TABLE_16,BIRTHDAY,No shellfish,CANCELLED,2025-11-24T00:00:00,,2025-11-26T00:00:00,Weather,FALSE,0,PAID
RES_1279,golden-spoon-001,CUST5020,16-11-2025,19:45:00,4,TABLE_10,BUSINESS_MEETING,Vegetarian,NO_SHOW,2025-11-08T00:00:00,2025-11-14T00:00:00,,,TRUE,1000,NA
RES_1280,golden-spoon-001,CUST5302,21-09-2025,18:45:00,2,TABLE_09,,Vegan,CANCELLED,2025-09-12T00:00:00,,2025-09-18T00:00:00,Restaurant closed,FALSE,1000,REFUNDED
RES_1281,golden-spoon-001,CUST5278,05-10-2025,21:00:00,8,TABLE_15,BUSINESS_MEETING,,CONFIRMED,2025-10-02T00:00:00,2025-09-30T00:00:00,,,FALSE,1000,REFUNDED
RES_1282,golden-spoon-001,CUST5123,07-11-2025,21:15:00,2,TABLE_06,BIRTHDAY,Vegetarian,CANCELLED,2025-11-02T00:00:00,,2025-11-05T00:00:00,Restaurant closed,FALSE,0,NA
RES_1283,golden-spoon-001,CUST5198,26-10-2025,20:45:00,4,TABLE_19,BIRTHDAY,Vegetarian,COMPLETED,2025-10-25T00:00:00,2025-10-20T00:00:00,,,FALSE,0,PAID
RES_1284,golden-spoon-001,CUST5159,19-10-2025,18:30:00,8,TABLE_12,BUSINESS_MEETING,Vegetarian,CONFIRMED,2025-10-07T00:00:00,2025-10-19T00:00:00,,,FALSE,0,NA
RES_1285,golden-spoon-001,CUST5147,18-09-2025,20:30:00,2,TABLE_18,,,COMPLETED,2025-09-17T00:00:00,2025-09-16T00:00:00,,,FALSE,1000,NA
RES_1286,golden-spoon-001,CUST5048,07-12-2025,19:15:00,4,TABLE_13,BUSINESS_MEETING,Vegan,CONFIRMED,2025-12-05T00:00:00,2025-12-07T00:00:00,,,FALSE,1000,PAID
RES_1287,golden-spoon-001,CUST5252,11-09-2025,21:00:00,4,TABLE_17,,,CONFIRMED,2025-08-30T00:00:00,2025-09-06T00:00:00,,,FALSE,0,NA
RES_1288,golden-spoon-001,CUST5125,07-12-2025,19:00:00,2,TABLE_12,,Vegetarian,CONFIRMED,2025-12-01T00:00:00,2025-12-03T00:00:00,,,FALSE,0,REFUNDED
RES_1289,golden-spoon-001,CUST5386,03-12-2025,21:00:00,4,TABLE_17,,Vegetarian,COMPLETED,2025-11-25T00:00:00,2025-11-29T00:00:00,,,FALSE,0,NA
RES_1290,golden-spoon-001,CUST5181,26-10-2025,21:00:00,2,TABLE_01,,,CANCELLED,2025-10-16T00:00:00,,2025-10-26T00:00:00,Weather,FALSE,1000,NA
RES_1291,golden-spoon-001,CUST5255,10-11-2025,19:30:00,4,TABLE_03,BIRTHDAY,No shellfish,COMPLETED,2025-10-29T00:00:00,2025-11-09T00:00:00,,,FALSE,0,NA
RES_1292,golden-spoon-001,CUST5010,09-11-2025,21:00:00,2,TABLE_02,BIRTHDAY,Vegetarian,CONFIRMED,2025-10-29T00:00:00,2025-11-03T00:00:00,,,FALSE,0,PAID
RES_1293,golden-spoon-001,CUST5353,14-09-2025,18:15:00,4,TABLE_16,ANNIVERSARY,Vegan,COMPLETED,2025-09-03T00:00:00,2025-09-07T00:00:00,,,FALSE,0,NA
RES_1294,golden-spoon-001,CUST5018,30-10-2025,19:45:00,2,TABLE_03,ANNIVERSARY,,CONFIRMED,2025-10-20T00:00:00,2025-10-24T00:00:00,,,FALSE,1000,PAID
RES_1295,golden-spoon-001,CUST5309,17-10-2025,21:15:00,6,TABLE_05,,No shellfish,COMPLETED,2025-10-12T00:00:00,2025-10-17T00:00:00,,,FALSE,1000,REFUNDED
RES_1296,golden-spoon-001,CUST5000,26-09-2025,21:45:00,2,TABLE_13,,No shellfish,CONFIRMED,2025-09-21T00:00:00,2025-09-20T00:00:00,,,FALSE,1000,REFUNDED
RES_1297,golden-spoon-001,CUST5291,12-11-2025,21:15:00,4,TABLE_05,ANNIVERSARY,Vegetarian,COMPLETED,2025-11-02T00:00:00,2025-11-12T00:00:00,,,FALSE,0,REFUNDED
RES_1298,golden-spoon-001,CUST5309,30-09-2025,21:45:00,4,TABLE_03,BUSINESS_MEETING,Vegan,COMPLETED,2025-09-20T00:00:00,2025-09-29T00:00:00,,,FALSE,0,NA
RES_1299,golden-spoon-001,CUST5432,15-10-2025,19:00:00,2,TABLE_19,ANNIVERSARY,,CONFIRMED,2025-10-13T00:00:00,2025-10-11T00:00:00,,,FALSE,1000,REFUNDED
RES_1300,golden-spoon-001,CUST5010,19-11-2025,21:45:00,4,TABLE_03,BUSINESS_MEETING,,CONFIRMED,2025-11-11T00:00:00,2025-11-19T00:00:00,,,FALSE,0,PAID
RES_1301,golden-spoon-001,CUST5400,14-09-2025,20:00:00,4,TABLE_14,,Vegan,COMPLETED,2025-09-05T00:00:00,2025-09-14T00:00:00,,,FALSE,1000,NA
RES_1302,golden-spoon-001,CUST5294,02-11-2025,19:45:00,2,TABLE_11,,,CONFIRMED,2025-10-25T00:00:00,2025-10-27T00:00:00,,,FALSE,0,PAID
RES_1303,golden-spoon-001,CUST5355,16-09-2025,18:45:00,4,TABLE_13,,No shellfish,CONFIRMED,2025-09-02T00:00:00,2025-09-12T00:00:00,,,FALSE,0,NA
RES_1304,golden-spoon-001,CUST5082,25-09-2025,20:30:00,2,TABLE_01,,Vegan,COMPLETED,2025-09-22T00:00:00,2025-09-23T00:00:00,,,FALSE,0,REFUNDED
RES_1305,golden-spoon-001,CUST5467,15-11-2025,18:00:00,2,TABLE_18,BUSINESS_MEETING,No shellfish,CONFIRMED,2025-11-04T00:00:00,2025-11-12T00:00:00,,,FALSE,1000,REFUNDED
RES_1306,golden-spoon-001,CUST5077,04-11-2025,20:45:00,2,TABLE_05,,No shellfish,COMPLETED,2025-10-22T00:00:00,2025-10-29T00:00:00,,,FALSE,0,PAID
RES_1307,golden-spoon-001,CUST5469,02-10-2025,19:15:00,2,TABLE_07,,,CANCELLED,2025-09-22T00:00:00,,2025-10-02T00:00:00,Weather,FALSE,1000,REFUNDED
RES_1308,golden-spoon-001,CUST5077,24-10-2025,21:00:00,2,TABLE_18,,,COMPLETED,2025-10-22T00:00:00,2025-10-22T00:00:00,,,FALSE,1000,PAID
RES_1309,golden-spoon-001,CUST5243,01-11-2025,19:00:00,2,TABLE_09,BUSINESS_MEETING,No shellfish,CONFIRMED,2025-10-27T00:00:00,2025-10-28T00:00:00,,,FALSE,1000,REFUNDED
RES_1310,golden-spoon-001,CUST5160,23-11-2025,18:15:00,2,TABLE_10,,Vegetarian,CANCELLED,2025-11-14T00:00:00,,2025-11-22T00:00:00,Customer request,FALSE,0,PAID
RES_1311,golden-spoon-001,CUST5488,26-11-2025,20:45:00,2,TABLE_06,,Vegetarian,COMPLETED,2025-11-25T00:00:00,2025-11-26T00:00:00,,,FALSE,1000,REFUNDED
RES_1312,golden-spoon-001,CUST5380,07-11-2025,21:00:00,4,TABLE_14,BUSINESS_MEETING,No shellfish,COMPLETED,2025-10-25T00:00:00,2025-11-04T00:00:00,,,FALSE,0,REFUNDED
RES_1313,golden-spoon-001,CUST5023,05-10-2025,18:30:00,4,TABLE_15,BIRTHDAY,Vegan,CONFIRMED,2025-10-02T00:00:00,2025-09-28T00:00:00,,,FALSE,0,PAID
RES_1314,golden-spoon-001,CUST5067,07-12-2025,19:30:00,6,TABLE_12,,Vegan,CANCELLED,2025-11-26T00:00:00,,2025-12-04T00:00:00,Restaurant closed,FALSE,0,REFUNDED
RES_1315,golden-spoon-001,CUST5391,09-12-2025,20:15:00,2,TABLE_19,,Vegetarian,COMPLETED,2025-11-30T00:00:00,2025-12-09T00:00:00,,,FALSE,0,REFUNDED
RES_1316,golden-spoon-001,CUST5063,19-11-2025,21:45:00,2,TABLE_18,BIRTHDAY,Vegetarian,COMPLETED,2025-11-08T00:00:00,2025-11-14T00:00:00,,,FALSE,1000,NA
RES_1317,golden-spoon-001,CUST5387,23-10-2025,21:00:00,2,TABLE_01,BIRTHDAY,,CONFIRMED,2025-10-15T00:00:00,2025-10-21T00:00:00,,,FALSE,0,REFUNDED
RES_1318,golden-spoon-001,CUST5143,28-09-2025,20:15:00,4,TABLE_08,BIRTHDAY,,NO_SHOW,2025-09-27T00:00:00,2025-09-24T00:00:00,,,TRUE,1000,NA
RES_1319,golden-spoon-001,CUST5484,03-12-2025,20:15:00,2,TABLE_13,ANNIVERSARY,Vegan,NO_SHOW,2025-12-01T00:00:00,2025-11-30T00:00:00,,,TRUE,0,REFUNDED
RES_1320,golden-spoon-001,CUST5147,14-11-2025,19:30:00,4,TABLE_12,,,CONFIRMED,2025-11-09T00:00:00,2025-11-12T00:00:00,,,FALSE,1000,REFUNDED
RES_1321,golden-spoon-001,CUST5291,03-11-2025,19:15:00,4,TABLE_01,BIRTHDAY,,COMPLETED,2025-10-24T00:00:00,2025-10-29T00:00:00,,,FALSE,0,REFUNDED
RES_1322,golden-spoon-001,CUST5473,20-10-2025,18:00:00,4,TABLE_08,,,COMPLETED,2025-10-12T00:00:00,2025-10-20T00:00:00,,,FALSE,0,NA
RES_1323,golden-spoon-001,CUST5124,13-10-2025,18:30:00,4,TABLE_03,BUSINESS_MEETING,,CANCELLED,2025-10-04T00:00:00,,2025-10-13T00:00:00,Customer request,FALSE,1000,NA
RES_1324,golden-spoon-001,CUST5165,21-10-2025,21:15:00,2,TABLE_02,,,CONFIRMED,2025-10-20T00:00:00,2025-10-14T00:00:00,,,FALSE,0,REFUNDED
RES_1325,golden-spoon-001,CUST5377,06-12-2025,19:00:00,2,TABLE_08,ANNIVERSARY,Vegan,COMPLETED,2025-11-30T00:00:00,2025-12-03T00:00:00,,,FALSE,1000,REFUNDED
RES_1326,golden-spoon-001,CUST5197,28-10-2025,21:45:00,2,TABLE_09,BIRTHDAY,Vegetarian,CANCELLED,2025-10-18T00:00:00,,2025-10-27T00:00:00,Customer request,FALSE,1000,NA
RES_1327,golden-spoon-001,CUST5414,27-09-2025,21:15:00,2,TABLE_13,BUSINESS_MEETING,No shellfish,COMPLETED,2025-09-23T00:00:00,2025-09-21T00:00:00,,,FALSE,1000,REFUNDED
RES_1328,golden-spoon-001,CUST5325,04-12-2025,20:00:00,2,TABLE_02,ANNIVERSARY,No shellfish,CONFIRMED,2025-11-26T00:00:00,2025-11-28T00:00:00,,,FALSE,1000,REFUNDED
RES_1329,golden-spoon-001,CUST5146,11-09-2025,19:30:00,8,TABLE_02,BUSINESS_MEETING,Vegetarian,CONFIRMED,2025-09-09T00:00:00,2025-09-09T00:00:00,,,FALSE,1000,PAID
RES_1330,golden-spoon-001,CUST5351,02-10-2025,21:00:00,4,TABLE_03,BIRTHDAY,,CONFIRMED,2025-09-29T00:00:00,2025-09-26T00:00:00,,,FALSE,1000,REFUNDED
RES_1331,golden-spoon-001,CUST5118,07-12-2025,20:30:00,6,TABLE_15,,Vegan,NO_SHOW,2025-11-23T00:00:00,2025-12-03T00:00:00,,,TRUE,0,REFUNDED
RES_1332,golden-spoon-001,CUST5272,28-11-2025,18:45:00,4,TABLE_02,,Vegetarian,CONFIRMED,2025-11-14T00:00:00,2025-11-25T00:00:00,,,FALSE,0,REFUNDED
RES_1333,golden-spoon-001,CUST5457,07-12-2025,21:30:00,4,TABLE_17,BUSINESS_MEETING,Vegan,CONFIRMED,2025-12-01T00:00:00,2025-12-02T00:00:00,,,FALSE,0,REFUNDED
RES_1334,golden-spoon-001,CUST5322,15-11-2025,21:30:00,2,TABLE_19,ANNIVERSARY,No shellfish,CANCELLED,2025-11-14T00:00:00,,2025-11-14T00:00:00,Restaurant closed,FALSE,1000,PAID
RES_1335,golden-spoon-001,CUST5424,16-11-2025,20:30:00,2,TABLE_10,,,COMPLETED,2025-11-09T00:00:00,2025-11-09T00:00:00,,,FALSE,1000,REFUNDED
RES_1336,golden-spoon-001,CUST5377,26-11-2025,21:15:00,2,TABLE_11,BUSINESS_MEETING,Vegetarian,CONFIRMED,2025-11-16T00:00:00,2025-11-21T00:00:00,,,FALSE,1000,NA
RES_1337,golden-spoon-001,CUST5073,10-09-2025,21:15:00,2,TABLE_08,,,COMPLETED,2025-09-04T00:00:00,2025-09-03T00:00:00,,,FALSE,0,PAID
RES_1338,golden-spoon-001,CUST5180,23-11-2025,18:00:00,4,TABLE_05,BIRTHDAY,,CONFIRMED,2025-11-21T00:00:00,2025-11-22T00:00:00,,,FALSE,0,PAID
RES_1339,golden-spoon-001,CUST5366,17-09-2025,18:45:00,2,TABLE_08,ANNIVERSARY,,CONFIRMED,2025-09-13T00:00:00,2025-09-13T00:00:00,,,FALSE,0,REFUNDED
RES_1340,golden-spoon-001,CUST5340,12-11-2025,18:30:00,2,TABLE_02,ANNIVERSARY,Vegetarian,CONFIRMED,2025-11-11T00:00:00,2025-11-05T00:00:00,,,FALSE,0,PAID
RES_1341,golden-spoon-001,CUST5377,23-10-2025,20:30:00,4,TABLE_15,ANNIVERSARY,No shellfish,CONFIRMED,2025-10-17T00:00:00,2025-10-21T00:00:00,,,FALSE,1000,REFUNDED
RES_1342,golden-spoon-001,CUST5294,04-12-2025,18:00:00,4,TABLE_11,ANNIVERSARY,,CONFIRMED,2025-11-22T00:00:00,2025-12-04T00:00:00,,,FALSE,1000,PAID
RES_1343,golden-spoon-001,CUST5293,03-10-2025,20:15:00,2,TABLE_06,,,CONFIRMED,2025-09-26T00:00:00,2025-10-03T00:00:00,,,FALSE,0,REFUNDED
RES_1344,golden-spoon-001,CUST5136,03-12-2025,20:45:00,2,TABLE_19,,Vegan,NO_SHOW,2025-11-26T00:00:00,2025-11-29T00:00:00,,,TRUE,0,PAID
RES_1345,golden-spoon-001,CUST5302,03-11-2025,19:30:00,2,TABLE_13,BIRTHDAY,,CONFIRMED,2025-10-20T00:00:00,2025-10-29T00:00:00,,,FALSE,0,PAID
RES_1346,golden-spoon-001,CUST5331,13-09-2025,21:30:00,6,TABLE_03,BIRTHDAY,,CONFIRMED,2025-09-05T00:00:00,2025-09-07T00:00:00,,,FALSE,0,PAID
RES_1347,golden-spoon-001,CUST5376,28-10-2025,21:15:00,4,TABLE_14,,,CONFIRMED,2025-10-24T00:00:00,2025-10-22T00:00:00,,,FALSE,1000,PAID
RES_1348,golden-spoon-001,CUST5134,13-10-2025,20:15:00,2,TABLE_04,BUSINESS_MEETING,,CONFIRMED,2025-10-07T00:00:00,2025-10-13T00:00:00,,,FALSE,0,PAID
RES_1349,golden-spoon-001,CUST5188,19-10-2025,19:30:00,4,TABLE_18,,Vegetarian,CONFIRMED,2025-10-14T00:00:00,2025-10-12T00:00:00,,,FALSE,0,REFUNDED
RES_1350,golden-spoon-001,CUST5157,17-09-2025,19:00:00,2,TABLE_04,BIRTHDAY,Vegetarian,COMPLETED,2025-09-03T00:00:00,2025-09-15T00:00:00,,,FALSE,1000,NA
RES_1351,golden-spoon-001,CUST5462,05-10-2025,21:15:00,4,TABLE_01,BUSINESS_MEETING,No shellfish,CONFIRMED,2025-09-21T00:00:00,2025-10-01T00:00:00,,,FALSE,0,REFUNDED
RES_1352,golden-spoon-001,CUST5063,12-09-2025,20:15:00,2,TABLE_13,BIRTHDAY,,CONFIRMED,2025-08-30T00:00:00,2025-09-05T00:00:00,,,FALSE,1000,REFUNDED
RES_1353,golden-spoon-001,CUST5463,22-11-2025,18:15:00,2,TABLE_18,BIRTHDAY,No shellfish,CONFIRMED,2025-11-17T00:00:00,2025-11-19T00:00:00,,,FALSE,0,NA
RES_1354,golden-spoon-001,CUST5115,01-12-2025,21:00:00,2,TABLE_05,BUSINESS_MEETING,Vegetarian,COMPLETED,2025-11-30T00:00:00,2025-11-27T00:00:00,,,FALSE,1000,PAID
RES_1355,golden-spoon-001,CUST5390,24-11-2025,20:00:00,2,TABLE_13,ANNIVERSARY,Vegan,NO_SHOW,2025-11-12T00:00:00,2025-11-21T00:00:00,,,TRUE,0,REFUNDED
RES_1356,golden-spoon-001,CUST5499,24-10-2025,21:15:00,4,TABLE_08,BUSINESS_MEETING,No shellfish,COMPLETED,2025-10-19T00:00:00,2025-10-17T00:00:00,,,FALSE,0,REFUNDED
RES_1357,golden-spoon-001,CUST5401,09-10-2025,21:30:00,2,TABLE_06,BIRTHDAY,No shellfish,CONFIRMED,2025-09-28T00:00:00,2025-10-05T00:00:00,,,FALSE,0,REFUNDED
RES_1358,golden-spoon-001,CUST5234,09-12-2025,20:45:00,4,TABLE_15,,,COMPLETED,2025-12-03T00:00:00,2025-12-03T00:00:00,,,FALSE,0,REFUNDED
RES_1359,golden-spoon-001,CUST5338,21-09-2025,21:00:00,2,TABLE_10,,,COMPLETED,2025-09-10T00:00:00,2025-09-15T00:00:00,,,FALSE,0,REFUNDED
RES_1360,golden-spoon-001,CUST5154,15-10-2025,21:30:00,2,TABLE_01,,Vegetarian,CONFIRMED,2025-10-02T00:00:00,2025-10-11T00:00:00,,,FALSE,0,PAID
RES_1361,golden-spoon-001,CUST5484,25-10-2025,21:45:00,8,TABLE_01,BIRTHDAY,,CONFIRMED,2025-10-15T00:00:00,2025-10-18T00:00:00,,,FALSE,1000,NA
RES_1362,golden-spoon-001,CUST5220,30-10-2025,20:15:00,4,TABLE_19,BUSINESS_MEETING,,CONFIRMED,2025-10-20T00:00:00,2025-10-29T00:00:00,,,FALSE,0,PAID
RES_1363,golden-spoon-001,CUST5014,21-10-2025,19:45:00,4,TABLE_12,ANNIVERSARY,No shellfish,COMPLETED,2025-10-08T00:00:00,2025-10-21T00:00:00,,,FALSE,1000,NA
RES_1364,golden-spoon-001,CUST5184,08-12-2025,18:45:00,2,TABLE_15,BIRTHDAY,Vegan,CONFIRMED,2025-12-06T00:00:00,2025-12-04T00:00:00,,,FALSE,0,NA
RES_1365,golden-spoon-001,CUST5408,24-10-2025,18:00:00,4,TABLE_05,BUSINESS_MEETING,,COMPLETED,2025-10-18T00:00:00,2025-10-24T00:00:00,,,FALSE,1000,PAID
RES_1366,golden-spoon-001,CUST5048,08-12-2025,20:30:00,6,TABLE_06,BUSINESS_MEETING,,CONFIRMED,2025-12-01T00:00:00,2025-12-07T00:00:00,,,FALSE,1000,NA
RES_1367,golden-spoon-001,CUST5377,07-11-2025,21:15:00,2,TABLE_09,BIRTHDAY,Vegan,CONFIRMED,2025-10-30T00:00:00,2025-11-02T00:00:00,,,FALSE,1000,NA
RES_1368,golden-spoon-001,CUST5374,20-11-2025,18:00:00,2,TABLE_08,BIRTHDAY,No shellfish,CANCELLED,2025-11-11T00:00:00,,2025-11-17T00:00:00,Weather,FALSE,1000,NA
RES_1369,golden-spoon-001,CUST5353,08-11-2025,18:30:00,4,TABLE_13,BUSINESS_MEETING,No shellfish,CONFIRMED,2025-11-01T00:00:00,2025-11-05T00:00:00,,,FALSE,0,REFUNDED
RES_1370,golden-spoon-001,CUST5083,17-10-2025,18:45:00,2,TABLE_05,,Vegan,NO_SHOW,2025-10-14T00:00:00,2025-10-12T00:00:00,,,TRUE,0,NA
RES_1371,golden-spoon-001,CUST5194,14-10-2025,19:45:00,4,TABLE_13,ANNIVERSARY,No shellfish,CONFIRMED,2025-10-10T00:00:00,2025-10-07T00:00:00,,,FALSE,0,NA
RES_1372,golden-spoon-001,CUST5123,08-12-2025,19:45:00,2,TABLE_01,BIRTHDAY,,COMPLETED,2025-12-07T00:00:00,2025-12-02T00:00:00,,,FALSE,1000,PAID
RES_1373,golden-spoon-001,CUST5203,01-11-2025,20:00:00,4,TABLE_12,BUSINESS_MEETING,,COMPLETED,2025-10-18T00:00:00,2025-11-01T00:00:00,,,FALSE,0,REFUNDED
RES_1374,golden-spoon-001,CUST5359,26-09-2025,20:30:00,2,TABLE_04,,,NO_SHOW,2025-09-22T00:00:00,2025-09-19T00:00:00,,,TRUE,0,PAID
RES_1375,golden-spoon-001,CUST5055,16-11-2025,21:00:00,4,TABLE_18,,Vegan,CONFIRMED,2025-11-09T00:00:00,2025-11-11T00:00:00,,,FALSE,1000,REFUNDED
RES_1376,golden-spoon-001,CUST5106,18-11-2025,21:00:00,2,TABLE_10,,,CONFIRMED,2025-11-17T00:00:00,2025-11-12T00:00:00,,,FALSE,1000,NA
RES_1377,golden-spoon-001,CUST5429,13-09-2025,20:15:00,4,TABLE_02,BUSINESS_MEETING,,CONFIRMED,2025-08-30T00:00:00,2025-09-13T00:00:00,,,FALSE,1000,REFUNDED
RES_1378,golden-spoon-001,CUST5129,28-10-2025,18:00:00,2,TABLE_06,BUSINESS_MEETING,Vegetarian,COMPLETED,2025-10-27T00:00:00,2025-10-28T00:00:00,,,FALSE,1000,PAID
RES_1379,golden-spoon-001,CUST5365,31-10-2025,21:15:00,2,TABLE_08,,,CONFIRMED,2025-10-24T00:00:00,2025-10-31T00:00:00,,,FALSE,1000,PAID
RES_1380,golden-spoon-001,CUST5471,20-11-2025,21:00:00,4,TABLE_15,ANNIVERSARY,Vegetarian,CONFIRMED,2025-11-13T00:00:00,2025-11-17T00:00:00,,,FALSE,1000,PAID
RES_1381,golden-spoon-001,CUST5457,30-09-2025,20:30:00,2,TABLE_15,BUSINESS_MEETING,No shellfish,CONFIRMED,2025-09-18T00:00:00,2025-09-30T00:00:00,,,FALSE,1000,REFUNDED
RES_1382,golden-spoon-001,CUST5065,11-10-2025,19:30:00,2,TABLE_10,ANNIVERSARY,,COMPLETED,2025-09-30T00:00:00,2025-10-09T00:00:00,,,FALSE,0,NA
RES_1383,golden-spoon-001,CUST5274,18-10-2025,19:00:00,4,TABLE_17,ANNIVERSARY,Vegan,CANCELLED,2025-10-11T00:00:00,,2025-10-17T00:00:00,Customer request,FALSE,1000,NA
RES_1384,golden-spoon-001,CUST5411,16-10-2025,20:00:00,4,TABLE_04,BIRTHDAY,Vegetarian,CONFIRMED,2025-10-05T00:00:00,2025-10-10T00:00:00,,,FALSE,1000,NA
RES_1385,golden-spoon-001,CUST5191,29-10-2025,20:45:00,4,TABLE_11,BIRTHDAY,No shellfish,CONFIRMED,2025-10-19T00:00:00,2025-10-23T00:00:00,,,FALSE,0,REFUNDED
RES_1386,golden-spoon-001,CUST5420,22-10-2025,21:45:00,4,TABLE_06,ANNIVERSARY,No shellfish,CONFIRMED,2025-10-11T00:00:00,2025-10-16T00:00:00,,,FALSE,0,REFUNDED
RES_1387,golden-spoon-001,CUST5031,16-11-2025,20:00:00,2,TABLE_04,BUSINESS_MEETING,Vegetarian,CONFIRMED,2025-11-10T00:00:00,2025-11-10T00:00:00,,,FALSE,1000,PAID
RES_1388,golden-spoon-001,CUST5475,29-09-2025,19:00:00,4,TABLE_19,,No shellfish,CONFIRMED,2025-09-21T00:00:00,2025-09-24T00:00:00,,,FALSE,1000,PAID
RES_1389,golden-spoon-001,CUST5495,27-09-2025,21:30:00,4,TABLE_17,,,CONFIRMED,2025-09-24T00:00:00,2025-09-21T00:00:00,,,FALSE,1000,REFUNDED
RES_1390,golden-spoon-001,CUST5231,10-10-2025,20:45:00,2,TABLE_19,,Vegetarian,CONFIRMED,2025-10-04T00:00:00,2025-10-09T00:00:00,,,FALSE,1000,REFUNDED
RES_1391,golden-spoon-001,CUST5194,13-11-2025,21:00:00,2,TABLE_03,BIRTHDAY,Vegan,CONFIRMED,2025-11-08T00:00:00,2025-11-11T00:00:00,,,FALSE,1000,NA
RES_1392,golden-spoon-001,CUST5257,01-11-2025,19:30:00,2,TABLE_01,BUSINESS_MEETING,,NO_SHOW,2025-10-23T00:00:00,2025-10-31T00:00:00,,,TRUE,0,NA
RES_1393,golden-spoon-001,CUST5307,11-09-2025,18:00:00,2,TABLE_15,,Vegetarian,CONFIRMED,2025-09-06T00:00:00,2025-09-04T00:00:00,,,FALSE,0,PAID
RES_1394,golden-spoon-001,CUST5001,03-12-2025,20:15:00,4,TABLE_10,ANNIVERSARY,,CONFIRMED,2025-12-02T00:00:00,2025-12-03T00:00:00,,,FALSE,1000,NA
RES_1395,golden-spoon-001,CUST5219,15-11-2025,20:45:00,4,TABLE_17,BIRTHDAY,Vegetarian,COMPLETED,2025-11-08T00:00:00,2025-11-11T00:00:00,,,FALSE,0,REFUNDED
RES_1396,golden-spoon-001,CUST5194,12-11-2025,18:30:00,2,TABLE_06,,No shellfish,COMPLETED,2025-11-02T00:00:00,2025-11-08T00:00:00,,,FALSE,1000,PAID
RES_1397,golden-spoon-001,CUST5460,30-10-2025,18:00:00,4,TABLE_08,BUSINESS_MEETING,,CONFIRMED,2025-10-17T00:00:00,2025-10-29T00:00:00,,,FALSE,0,NA
RES_1398,golden-spoon-001,CUST5075,21-11-2025,20:15:00,2,TABLE_10,,No shellfish,CONFIRMED,2025-11-10T00:00:00,2025-11-21T00:00:00,,,FALSE,1000,REFUNDED
RES_1399,golden-spoon-001,CUST5264,01-10-2025,20:15:00,4,TABLE_05,,Vegan,CANCELLED,2025-09-21T00:00:00,,2025-09-28T00:00:00,Weather,FALSE,0,REFUNDED
RES_1400,golden-spoon-001,CUST5053,13-09-2025,18:30:00,2,TABLE_16,BIRTHDAY,,CONFIRMED,2025-09-01T00:00:00,2025-09-07T00:00:00,,,FALSE,1000,NA
RES_1401,golden-spoon-001,CUST5401,06-12-2025,20:30:00,2,TABLE_16,BIRTHDAY,,NO_SHOW,2025-12-05T00:00:00,2025-12-06T00:00:00,,,TRUE,0,NA
RES_1402,golden-spoon-001,CUST5051,17-10-2025,21:45:00,4,TABLE_15,ANNIVERSARY,Vegan,COMPLETED,2025-10-07T00:00:00,2025-10-14T00:00:00,,,FALSE,1000,REFUNDED
RES_1403,golden-spoon-001,CUST5374,06-10-2025,20:30:00,2,TABLE_01,BIRTHDAY,Vegetarian,NO_SHOW,2025-09-24T00:00:00,2025-10-05T00:00:00,,,TRUE,0,REFUNDED
RES_1404,golden-spoon-001,CUST5286,28-09-2025,20:00:00,2,TABLE_04,ANNIVERSARY,Vegetarian,COMPLETED,2025-09-22T00:00:00,2025-09-22T00:00:00,,,FALSE,0,REFUNDED
RES_1405,golden-spoon-001,CUST5247,24-10-2025,18:30:00,2,TABLE_02,BIRTHDAY,,CANCELLED,2025-10-23T00:00:00,,2025-10-23T00:00:00,Weather,FALSE,1000,REFUNDED
RES_1406,golden-spoon-001,CUST5150,21-11-2025,18:15:00,2,TABLE_11,BUSINESS_MEETING,Vegetarian,COMPLETED,2025-11-07T00:00:00,2025-11-15T00:00:00,,,FALSE,0,PAID
RES_1407,golden-spoon-001,CUST5277,17-11-2025,19:45:00,4,TABLE_12,BUSINESS_MEETING,No shellfish,COMPLETED,2025-11-11T00:00:00,2025-11-14T00:00:00,,,FALSE,0,NA
RES_1408,golden-spoon-001,CUST5088,16-09-2025,19:45:00,4,TABLE_16,,Vegetarian,CONFIRMED,2025-09-11T00:00:00,2025-09-16T00:00:00,,,FALSE,1000,REFUNDED
RES_1409,golden-spoon-001,CUST5392,27-09-2025,20:45:00,4,TABLE_05,BIRTHDAY,Vegetarian,COMPLETED,2025-09-13T00:00:00,2025-09-25T00:00:00,,,FALSE,0,PAID
RES_1410,golden-spoon-001,CUST5209,28-11-2025,18:45:00,4,TABLE_13,BUSINESS_MEETING,No shellfish,CONFIRMED,2025-11-17T00:00:00,2025-11-21T00:00:00,,,FALSE,1000,PAID
RES_1411,golden-spoon-001,CUST5206,01-10-2025,19:30:00,4,TABLE_09,ANNIVERSARY,Vegan,COMPLETED,2025-09-18T00:00:00,2025-10-01T00:00:00,,,FALSE,1000,PAID
RES_1412,golden-spoon-001,CUST5158,12-09-2025,18:00:00,2,TABLE_04,BUSINESS_MEETING,No shellfish,COMPLETED,2025-09-07T00:00:00,2025-09-11T00:00:00,,,FALSE,1000,NA
RES_1413,golden-spoon-001,CUST5376,11-09-2025,21:00:00,2,TABLE_06,ANNIVERSARY,,COMPLETED,2025-09-07T00:00:00,2025-09-05T00:00:00,,,FALSE,1000,PAID
RES_1414,golden-spoon-001,CUST5216,17-11-2025,19:30:00,2,TABLE_02,,Vegan,CONFIRMED,2025-11-13T00:00:00,2025-11-15T00:00:00,,,FALSE,1000,PAID
RES_1415,golden-spoon-001,CUST5136,02-12-2025,20:45:00,2,TABLE_01,ANNIVERSARY,,NO_SHOW,2025-11-23T00:00:00,2025-11-26T00:00:00,,,TRUE,1000,PAID
RES_1416,golden-spoon-001,CUST5491,12-09-2025,20:15:00,2,TABLE_14,BIRTHDAY,No shellfish,COMPLETED,2025-09-01T00:00:00,2025-09-06T00:00:00,,,FALSE,1000,NA
RES_1417,golden-spoon-001,CUST5390,11-10-2025,20:00:00,4,TABLE_05,,Vegan,CONFIRMED,2025-09-30T00:00:00,2025-10-05T00:00:00,,,FALSE,0,REFUNDED
RES_1418,golden-spoon-001,CUST5273,06-11-2025,19:15:00,2,TABLE_15,ANNIVERSARY,,CONFIRMED,2025-10-30T00:00:00,2025-11-05T00:00:00,,,FALSE,0,NA
RES_1419,golden-spoon-001,CUST5195,15-11-2025,20:15:00,4,TABLE_03,BUSINESS_MEETING,Vegan,CONFIRMED,2025-11-12T00:00:00,2025-11-09T00:00:00,,,FALSE,1000,NA
RES_1420,golden-spoon-001,CUST5009,22-10-2025,18:30:00,4,TABLE_11,BIRTHDAY,Vegan,CANCELLED,2025-10-16T00:00:00,,2025-10-19T00:00:00,Customer request,FALSE,0,PAID
RES_1421,golden-spoon-001,CUST5435,25-10-2025,20:15:00,2,TABLE_09,,Vegetarian,COMPLETED,2025-10-20T00:00:00,2025-10-20T00:00:00,,,FALSE,1000,NA
RES_1422,golden-spoon-001,CUST5431,13-11-2025,21:15:00,2,TABLE_17,ANNIVERSARY,,CONFIRMED,2025-10-30T00:00:00,2025-11-06T00:00:00,,,FALSE,1000,NA
RES_1423,golden-spoon-001,CUST5076,21-11-2025,21:15:00,6,TABLE_10,BIRTHDAY,Vegetarian,CONFIRMED,2025-11-15T00:00:00,2025-11-21T00:00:00,,,FALSE,0,PAID
RES_1424,golden-spoon-001,CUST5134,13-10-2025,19:30:00,2,TABLE_02,,,CONFIRMED,2025-10-10T00:00:00,2025-10-11T00:00:00,,,FALSE,1000,REFUNDED
RES_1425,golden-spoon-001,CUST5019,25-10-2025,19:30:00,4,TABLE_19,BUSINESS_MEETING,Vegetarian,NO_SHOW,2025-10-18T00:00:00,2025-10-24T00:00:00,,,TRUE,1000,NA
RES_1426,golden-spoon-001,CUST5164,24-10-2025,21:45:00,2,TABLE_05,ANNIVERSARY,,CONFIRMED,2025-10-14T00:00:00,2025-10-23T00:00:00,,,FALSE,1000,PAID
RES_1427,golden-spoon-001,CUST5318,14-10-2025,21:30:00,4,TABLE_06,,Vegetarian,CONFIRMED,2025-10-09T00:00:00,2025-10-14T00:00:00,,,FALSE,1000,PAID
RES_1428,golden-spoon-001,CUST5243,14-09-2025,21:00:00,2,TABLE_07,ANNIVERSARY,,CONFIRMED,2025-09-02T00:00:00,2025-09-11T00:00:00,,,FALSE,1000,NA
RES_1429,golden-spoon-001,CUST5442,23-09-2025,20:45:00,4,TABLE_12,,No shellfish,CONFIRMED,2025-09-17T00:00:00,2025-09-20T00:00:00,,,FALSE,0,NA
RES_1430,golden-spoon-001,CUST5095,25-10-2025,21:00:00,2,TABLE_11,,Vegan,COMPLETED,2025-10-16T00:00:00,2025-10-19T00:00:00,,,FALSE,0,PAID
RES_1431,golden-spoon-001,CUST5055,04-11-2025,18:30:00,2,TABLE_19,BUSINESS_MEETING,No shellfish,CONFIRMED,2025-10-22T00:00:00,2025-11-02T00:00:00,,,FALSE,1000,PAID
RES_1432,golden-spoon-001,CUST5300,31-10-2025,18:15:00,4,TABLE_13,BUSINESS_MEETING,No shellfish,CONFIRMED,2025-10-22T00:00:00,2025-10-28T00:00:00,,,FALSE,0,REFUNDED
RES_1433,golden-spoon-001,CUST5094,17-09-2025,18:45:00,4,TABLE_14,,,COMPLETED,2025-09-05T00:00:00,2025-09-17T00:00:00,,,FALSE,0,NA
RES_1434,golden-spoon-001,CUST5244,07-11-2025,19:30:00,2,TABLE_01,BUSINESS_MEETING,Vegetarian,CANCELLED,2025-10-31T00:00:00,,2025-11-04T00:00:00,Weather,FALSE,0,PAID
RES_1435,golden-spoon-001,CUST5122,06-12-2025,20:15:00,8,TABLE_05,ANNIVERSARY,,CONFIRMED,2025-11-27T00:00:00,2025-12-01T00:00:00,,,FALSE,1000,NA
RES_1436,golden-spoon-001,CUST5390,13-11-2025,18:30:00,2,TABLE_01,BUSINESS_MEETING,,COMPLETED,2025-11-12T00:00:00,2025-11-10T00:00:00,,,FALSE,1000,REFUNDED
RES_1437,golden-spoon-001,CUST5416,03-10-2025,19:00:00,4,TABLE_02,BUSINESS_MEETING,No shellfish,CANCELLED,2025-09-24T00:00:00,,2025-10-03T00:00:00,Customer request,FALSE,1000,REFUNDED
RES_1438,golden-spoon-001,CUST5115,26-10-2025,20:00:00,2,TABLE_09,ANNIVERSARY,,CONFIRMED,2025-10-19T00:00:00,2025-10-21T00:00:00,,,FALSE,0,PAID
RES_1439,golden-spoon-001,CUST5065,28-10-2025,21:30:00,2,TABLE_15,,No shellfish,CONFIRMED,2025-10-21T00:00:00,2025-10-21T00:00:00,,,FALSE,1000,NA
RES_1440,golden-spoon-001,CUST5138,28-11-2025,18:15:00,6,TABLE_03,ANNIVERSARY,,CONFIRMED,2025-11-23T00:00:00,2025-11-28T00:00:00,,,FALSE,0,NA
RES_1441,golden-spoon-001,CUST5029,02-10-2025,21:15:00,4,TABLE_19,ANNIVERSARY,,COMPLETED,2025-09-21T00:00:00,2025-09-27T00:00:00,,,FALSE,0,REFUNDED
RES_1442,golden-spoon-001,CUST5441,01-11-2025,19:45:00,2,TABLE_10,BIRTHDAY,No shellfish,CONFIRMED,2025-10-22T00:00:00,2025-10-25T00:00:00,,,FALSE,0,REFUNDED
RES_1443,golden-spoon-001,CUST5219,13-11-2025,18:15:00,4,TABLE_02,,,CONFIRMED,2025-11-01T00:00:00,2025-11-06T00:00:00,,,FALSE,1000,PAID
RES_1444,golden-spoon-001,CUST5131,26-11-2025,21:15:00,6,TABLE_15,,Vegetarian,COMPLETED,2025-11-24T00:00:00,2025-11-20T00:00:00,,,FALSE,1000,REFUNDED
RES_1445,golden-spoon-001,CUST5388,03-10-2025,19:00:00,2,TABLE_15,,Vegan,CONFIRMED,2025-09-30T00:00:00,2025-09-27T00:00:00,,,FALSE,1000,PAID
RES_1446,golden-spoon-001,CUST5152,04-11-2025,21:30:00,4,TABLE_07,,Vegetarian,NO_SHOW,2025-11-02T00:00:00,2025-10-31T00:00:00,,,TRUE,0,NA
RES_1447,golden-spoon-001,CUST5316,16-10-2025,21:45:00,2,TABLE_11,BIRTHDAY,,CONFIRMED,2025-10-03T00:00:00,2025-10-12T00:00:00,,,FALSE,1000,REFUNDED
RES_1448,golden-spoon-001,CUST5280,18-09-2025,19:00:00,4,TABLE_15,,No shellfish,CONFIRMED,2025-09-04T00:00:00,2025-09-12T00:00:00,,,FALSE,0,NA
RES_1449,golden-spoon-001,CUST5402,12-10-2025,18:30:00,4,TABLE_16,,,CONFIRMED,2025-10-02T00:00:00,2025-10-07T00:00:00,,,FALSE,1000,NA
RES_1450,golden-spoon-001,CUST5443,16-09-2025,19:15:00,2,TABLE_13,,Vegan,CANCELLED,2025-09-02T00:00:00,,2025-09-14T00:00:00,Weather,FALSE,0,REFUNDED
RES_1451,golden-spoon-001,CUST5229,26-11-2025,18:30:00,4,TABLE_07,BUSINESS_MEETING,Vegan,COMPLETED,2025-11-21T00:00:00,2025-11-26T00:00:00,,,FALSE,0,REFUNDED
RES_1452,golden-spoon-001,CUST5009,02-12-2025,18:00:00,2,TABLE_13,ANNIVERSARY,No shellfish,COMPLETED,2025-11-25T00:00:00,2025-11-26T00:00:00,,,FALSE,0,PAID
RES_1453,golden-spoon-001,CUST5285,29-11-2025,20:45:00,4,TABLE_17,BIRTHDAY,,COMPLETED,2025-11-24T00:00:00,2025-11-23T00:00:00,,,FALSE,1000,REFUNDED
RES_1454,golden-spoon-001,CUST5166,04-12-2025,20:00:00,2,TABLE_19,ANNIVERSARY,,COMPLETED,2025-11-27T00:00:00,2025-11-28T00:00:00,,,FALSE,0,NA
RES_1455,golden-spoon-001,CUST5386,28-11-2025,18:30:00,4,TABLE_18,BIRTHDAY,No shellfish,COMPLETED,2025-11-16T00:00:00,2025-11-23T00:00:00,,,FALSE,0,REFUNDED
RES_1456,golden-spoon-001,CUST5377,29-10-2025,18:30:00,2,TABLE_14,ANNIVERSARY,No shellfish,COMPLETED,2025-10-18T00:00:00,2025-10-27T00:00:00,,,FALSE,0,PAID
RES_1457,golden-spoon-001,CUST5293,19-10-2025,18:30:00,4,TABLE_12,BUSINESS_MEETING,No shellfish,CONFIRMED,2025-10-16T00:00:00,2025-10-12T00:00:00,,,FALSE,1000,PAID
RES_1458,golden-spoon-001,CUST5022,10-09-2025,18:15:00,4,TABLE_13,,,COMPLETED,2025-09-08T00:00:00,2025-09-08T00:00:00,,,FALSE,0,NA
RES_1459,golden-spoon-001,CUST5111,14-11-2025,18:45:00,2,TABLE_18,ANNIVERSARY,,CANCELLED,2025-11-08T00:00:00,,2025-11-14T00:00:00,Customer request,FALSE,0,PAID
RES_1460,golden-spoon-001,CUST5104,15-11-2025,21:15:00,2,TABLE_07,,No shellfish,CANCELLED,2025-11-01T00:00:00,,2025-11-13T00:00:00,Customer request,FALSE,1000,NA
RES_1461,golden-spoon-001,CUST5085,11-09-2025,18:15:00,4,TABLE_03,BIRTHDAY,No shellfish,CONFIRMED,2025-08-30T00:00:00,2025-09-10T00:00:00,,,FALSE,0,REFUNDED
RES_1462,golden-spoon-001,CUST5462,07-12-2025,21:45:00,2,TABLE_13,,Vegan,CONFIRMED,2025-11-27T00:00:00,2025-12-01T00:00:00,,,FALSE,1000,NA
RES_1463,golden-spoon-001,CUST5491,07-10-2025,19:15:00,4,TABLE_12,,,CONFIRMED,2025-10-05T00:00:00,2025-10-07T00:00:00,,,FALSE,0,REFUNDED
RES_1464,golden-spoon-001,CUST5012,30-11-2025,21:45:00,2,TABLE_05,BUSINESS_MEETING,Vegan,CONFIRMED,2025-11-21T00:00:00,2025-11-26T00:00:00,,,FALSE,0,PAID
RES_1465,golden-spoon-001,CUST5033,13-09-2025,21:00:00,2,TABLE_07,,Vegan,CONFIRMED,2025-09-09T00:00:00,2025-09-06T00:00:00,,,FALSE,0,NA
RES_1466,golden-spoon-001,CUST5290,16-11-2025,18:45:00,2,TABLE_08,,,CONFIRMED,2025-11-11T00:00:00,2025-11-12T00:00:00,,,FALSE,0,PAID
RES_1467,golden-spoon-001,CUST5275,21-10-2025,20:15:00,2,TABLE_06,ANNIVERSARY,,CONFIRMED,2025-10-17T00:00:00,2025-10-20T00:00:00,,,FALSE,0,PAID
RES_1468,golden-spoon-001,CUST5304,25-09-2025,19:15:00,4,TABLE_08,ANNIVERSARY,,CONFIRMED,2025-09-19T00:00:00,2025-09-18T00:00:00,,,FALSE,1000,REFUNDED
RES_1469,golden-spoon-001,CUST5197,10-11-2025,19:30:00,4,TABLE_01,,No shellfish,NO_SHOW,2025-10-31T00:00:00,2025-11-10T00:00:00,,,TRUE,0,PAID
RES_1470,golden-spoon-001,CUST5413,06-11-2025,18:00:00,2,TABLE_02,BUSINESS_MEETING,,CANCELLED,2025-10-25T00:00:00,,2025-11-05T00:00:00,Weather,FALSE,0,REFUNDED
RES_1471,golden-spoon-001,CUST5487,12-09-2025,18:00:00,4,TABLE_19,,Vegetarian,COMPLETED,2025-09-10T00:00:00,2025-09-06T00:00:00,,,FALSE,1000,PAID
RES_1472,golden-spoon-001,CUST5071,23-11-2025,19:45:00,2,TABLE_09,,,CANCELLED,2025-11-20T00:00:00,,2025-11-23T00:00:00,Customer request,FALSE,0,NA
RES_1473,golden-spoon-001,CUST5138,09-10-2025,18:30:00,2,TABLE_07,,No shellfish,CONFIRMED,2025-09-25T00:00:00,2025-10-09T00:00:00,,,FALSE,0,PAID
RES_1474,golden-spoon-001,CUST5215,09-12-2025,20:30:00,2,TABLE_03,,Vegan,CONFIRMED,2025-12-05T00:00:00,2025-12-07T00:00:00,,,FALSE,0,REFUNDED
RES_1475,golden-spoon-001,CUST5486,01-10-2025,21:45:00,4,TABLE_01,BIRTHDAY,No shellfish,CONFIRMED,2025-09-19T00:00:00,2025-09-29T00:00:00,,,FALSE,1000,REFUNDED
RES_1476,golden-spoon-001,CUST5472,25-09-2025,19:45:00,2,TABLE_07,,,COMPLETED,2025-09-19T00:00:00,2025-09-19T00:00:00,,,FALSE,0,NA
RES_1477,golden-spoon-001,CUST5461,23-10-2025,19:30:00,2,TABLE_19,BUSINESS_MEETING,,CONFIRMED,2025-10-19T00:00:00,2025-10-19T00:00:00,,,FALSE,1000,REFUNDED
RES_1478,golden-spoon-001,CUST5313,10-09-2025,20:00:00,4,TABLE_19,ANNIVERSARY,Vegan,CONFIRMED,2025-09-04T00:00:00,2025-09-08T00:00:00,,,FALSE,1000,PAID
RES_1479,golden-spoon-001,CUST5279,03-10-2025,21:45:00,2,TABLE_09,BIRTHDAY,,CONFIRMED,2025-09-27T00:00:00,2025-09-28T00:00:00,,,FALSE,1000,PAID
RES_1480,golden-spoon-001,CUST5280,06-10-2025,19:30:00,4,TABLE_11,,,COMPLETED,2025-09-26T00:00:00,2025-10-06T00:00:00,,,FALSE,1000,PAID
RES_1481,golden-spoon-001,CUST5024,24-10-2025,18:15:00,2,TABLE_12,BIRTHDAY,Vegetarian,COMPLETED,2025-10-23T00:00:00,2025-10-18T00:00:00,,,FALSE,1000,NA
RES_1482,golden-spoon-001,CUST5185,08-12-2025,21:00:00,2,TABLE_14,BUSINESS_MEETING,,CONFIRMED,2025-12-05T00:00:00,2025-12-08T00:00:00,,,FALSE,1000,PAID
RES_1483,golden-spoon-001,CUST5488,03-11-2025,18:30:00,4,TABLE_18,BUSINESS_MEETING,Vegan,CONFIRMED,2025-10-30T00:00:00,2025-10-27T00:00:00,,,FALSE,0,REFUNDED
RES_1484,golden-spoon-001,CUST5324,05-10-2025,21:00:00,2,TABLE_02,,,COMPLETED,2025-10-01T00:00:00,2025-10-03T00:00:00,,,FALSE,0,PAID
RES_1485,golden-spoon-001,CUST5247,17-10-2025,20:45:00,2,TABLE_11,,Vegetarian,NO_SHOW,2025-10-03T00:00:00,2025-10-16T00:00:00,,,TRUE,0,NA
RES_1486,golden-spoon-001,CUST5483,23-11-2025,20:30:00,4,TABLE_01,ANNIVERSARY,,CONFIRMED,2025-11-10T00:00:00,2025-11-18T00:00:00,,,FALSE,1000,REFUNDED
RES_1487,golden-spoon-001,CUST5105,20-09-2025,20:15:00,2,TABLE_12,ANNIVERSARY,Vegan,COMPLETED,2025-09-09T00:00:00,2025-09-15T00:00:00,,,FALSE,1000,PAID
RES_1488,golden-spoon-001,CUST5061,22-10-2025,18:15:00,2,TABLE_10,,Vegetarian,CONFIRMED,2025-10-12T00:00:00,2025-10-17T00:00:00,,,FALSE,1000,NA
RES_1489,golden-spoon-001,CUST5319,07-12-2025,21:15:00,4,TABLE_03,BIRTHDAY,,CONFIRMED,2025-11-28T00:00:00,2025-12-07T00:00:00,,,FALSE,1000,NA
RES_1490,golden-spoon-001,CUST5065,14-11-2025,21:30:00,2,TABLE_11,BUSINESS_MEETING,,COMPLETED,2025-11-09T00:00:00,2025-11-13T00:00:00,,,FALSE,0,REFUNDED
RES_1491,golden-spoon-001,CUST5142,08-10-2025,18:00:00,4,TABLE_12,BUSINESS_MEETING,Vegetarian,NO_SHOW,2025-09-24T00:00:00,2025-10-02T00:00:00,,,TRUE,1000,NA
RES_1492,golden-spoon-001,CUST5147,13-11-2025,18:00:00,2,TABLE_09,,,COMPLETED,2025-11-10T00:00:00,2025-11-10T00:00:00,,,FALSE,0,REFUNDED
RES_1493,golden-spoon-001,CUST5471,06-12-2025,18:15:00,2,TABLE_10,BUSINESS_MEETING,Vegetarian,CONFIRMED,2025-12-05T00:00:00,2025-12-06T00:00:00,,,FALSE,1000,NA
RES_1494,golden-spoon-001,CUST5381,24-11-2025,18:15:00,4,TABLE_18,BUSINESS_MEETING,,CONFIRMED,2025-11-18T00:00:00,2025-11-20T00:00:00,,,FALSE,0,NA
RES_1495,golden-spoon-001,CUST5283,28-09-2025,18:15:00,2,TABLE_09,ANNIVERSARY,No shellfish,CONFIRMED,2025-09-19T00:00:00,2025-09-28T00:00:00,,,FALSE,0,REFUNDED
RES_1496,golden-spoon-001,CUST5486,13-11-2025,18:45:00,2,TABLE_13,BUSINESS_MEETING,Vegetarian,CONFIRMED,2025-11-06T00:00:00,2025-11-11T00:00:00,,,FALSE,1000,REFUNDED
RES_1497,golden-spoon-001,CUST5016,18-09-2025,19:30:00,4,TABLE_11,,,CONFIRMED,2025-09-15T00:00:00,2025-09-18T00:00:00,,,FALSE,0,NA
RES_1498,golden-spoon-001,CUST5382,11-09-2025,20:15:00,2,TABLE_13,,Vegan,CONFIRMED,2025-09-01T00:00:00,2025-09-04T00:00:00,,,FALSE,1000,REFUNDED
RES_1499,golden-spoon-001,CUST5409,09-11-2025,20:45:00,4,TABLE_04,BIRTHDAY,Vegan,CONFIRMED,2025-11-07T00:00:00,2025-11-07T00:00:00,,,FALSE,1000,REFUNDED
